Before performing a liver transplant evaluation, the Sonographer must review the surgical history to determine:<br><br><b>A:</b> the location of all sites of vascular anastomosis<br><b>B:</b> if the transplant was full or partial<br><b>C:</b> if the transplant has a piggyback or interposition anastomosis<br><b>D:</b> more than one of the above	<b>Answer:</b> D. more than one of the above<br><br><b>Feedback:</b><br>Before beginning the exam, the surgical notes should be reviewed to determine if the patient has a full or partial transplant, a<br>piggyback or interposition anastomosis and note the anastomosis sites for all vasculature.
The most common cause of hemodialysis graft failure is ________________.<br><br><b>A:</b> acute rejection<br><b>B:</b> arterial stenosis<br><b>C:</b> anastomosis rupture<br><b>D:</b> thrombus formation	<b>Answer:</b> D. thrombus formation<br><br><b>Feedback:</b><br>The most common cause of hemodialysis graft failure is thrombus formation.
"Velocities in a reversed vein graft are usually _________ at the ________ anastomosis because it is the smaller end of the vein.<br><br><b>A:</b> lower, proximal<br><b>B:</b> higher, distal<br><b>C:</b> higher, proximal<br><b>D:</b> lower, distal<br><br><img src=""q3.png"" alt=""Question 3 image"">"	<b>Answer:</b> C. higher, proximal<br><br><b>Feedback:</b><br>Velocities in a reversed vein graft are usually higher at the proximal anastomosis because it is the smaller end of the vein.
Which of the following symptoms would be associated with steal syndrome of a hemodialysis graft?<br><br><b>A:</b> hand pain that is reduced or eliminated during dialysis<br><b>B:</b> shoulder swelling<br><b>C:</b> hand pain that increases with exercise<br><b>D:</b> spontaneous bruising of the neck, arm and hand	<b>Answer:</b> C. hand pain that increases with exercise<br><br><b>Feedback:</b><br>Steal Syndrome most commonly occurs in a radiocephalic graft. The ulnar artery flow will be antegrade and the radial artery<br>flow will be retrograde. Blood travels from the ulnar artery into the hand and moves through the palmar arch to exit the hand in<br>the radial artery. Symptoms include pain, polar sensation, paresthesia, Finger/Brachial Index &lt;0.8, cyanotic fingertips, and<br>diminished radial pulse on palpation. Symptoms can increase with use of the arm (exercise) and during dialysis.
The most common site for hepatic artery stenosis in a transplant is _______________________________________.<br><br><b>A:</b> at the origin of the native hepatic artery from the celiac axis<br><b>B:</b> at the origin of the right and left hepatic arteries<br><b>C:</b> at the common hepatic artery bifurcation located just inside the liver near the portal bifurcation<br><b>D:</b> at the native hepatic artery anastomosis site located just outside the hilum of the liver	<b>Answer:</b> D. at the native hepatic artery anastomosis site located just outside the hilum of the liver<br><br><b>Feedback:</b><br>The donor hepatic artery is connected to the native hepatic artery just outside the hilum of the donor liver. The most common<br>site for arterial stenosis is at the anastomosis site. Myointimal hyperplasia can lead to stenosis at the anastomosis site due to<br>&quot;over-healing&quot; of the connection.
"Which statement is true regarding the image?<br><br><b>A:</b> There is calcification of the vessels in the vasa vasorum in the arterial wall<br><b>B:</b> This patient has fibromuscular dysplasia and demonstrates the string of pearls sign on the image.<br><b>C:</b> This is a normal CCA image<br><b>D:</b> There is a stent in the CCA<br><br><img src=""q6.png"" alt=""Question 6 image"">"	<b>Answer:</b> D. There is a stent in the CCA<br><br><b>Feedback:</b><br>A stent can be identified by the repetitive echogenic foci lining the vessel wall. Carotid stents are commonly made of a<br>substance called nitinol which is a highly reflective metal alloy. The dense strands of nitinol are woven together to form a<br>&quot;tunnel&quot;.
Patient presents 9 months after endarterectomy with an approximate 40% recurrent stenosis. What is the most likely cause?<br><br><b>A:</b> Lack of Warfarin treatment post op<br><b>B:</b> Polycythemia vera<br><b>C:</b> Fibromuscular dysplasia<br><b>D:</b> Neointimal hyperplasia	<b>Answer:</b> D. Neointimal hyperplasia<br><br><b>Feedback:</b><br>Neointimal hyperplasia is the most common cause of re-stenosis of a vessel that has a history of the endarterectomy<br>procedure. It can be described as thickening of the vessel wall or over-healing after the procedure. Atherosclerosis can also<br>cause re-stenosis but takes a much longer time to reoccur in the vessel.
"If both common iliac arteries demonstrate significant stenosis, what type of treatment will most likely be used?<br><br><b>A:</b> fem-fem bypass graft<br><b>B:</b> right axillary - femoral bypass graft<br><b>C:</b> kissing stents<br><b>D:</b> left axillary - femoral bypass graft<br><br><img src=""q8.png"" alt=""Question 8 image"">"	<b>Answer:</b> C. kissing stents<br><br><b>Feedback:</b><br>Kissing stents used for stenosis at the origin of the common iliac arteries. Two stents are deployed, one is placed into each iliac<br>artery. Both stents are inflated with the catheter balloon. The proximal end of the stents are touching in the distal aorta<br>(kissing).
"A &quot;snuffbox&quot; fistula connects what two vessels?<br><br><b>A:</b> radial artery connects to the cephalic vein in the radial fossa<br><b>B:</b> brachial artery connects to the basilic vein at the elbow<br><b>C:</b> brachial artery connects to the basilic vein in the upper arm<br><b>D:</b> radial artery connects to the basilic vein in the forearm<br><br><img src=""q9.jpg"" alt=""Question 9 image"">"	<b>Answer:</b> A. radial artery connects to the cephalic vein in the radial fossa<br><br><b>Feedback:</b><br>The anatomical snuffbox is also called the radial fossa. It is a triangular depression on the lateral aspect of the dorsum of the<br>hand. The radial artery, a branch of the radial nerve, and the cephalic vein are found in the snuffbox. Radial artery is connected<br>to the cephalic vein at distal wrist. Because the artery courses directly over the vein in this location, little vessel movement is<br>required during surgery.
"Which of the following will decrease with acute renal allograft rejection?<br><br><b>A:</b> echogenicity of the renal cortex<br><b>B:</b> diastolic flow in the segmental arteries<br><b>C:</b> resistive index from the arcuate arteries<br><b>D:</b> kidney size<br><br><img src=""q10.jpg"" alt=""Question 10 image"">"	<b>Answer:</b> B. diastolic flow in the segmental arteries<br><br><b>Feedback:</b><br>Acute renal rejection will result in an enlarged kidney with increased echogenicity of the renal cortex. Doppler evaluation will<br>demonstrate increased resistance in the parenchymal arteries and increased resistive index. This will decrease the amount of<br>diastolic flow in the cortical arteries.
Velocity ratio, volume flow, and peak systolic velocity are measurements that must be reported when evaluating a/an:<br><br><b>A:</b> arteriovenous dialysis graft<br><b>B:</b> pseudoaneurysm<br><b>C:</b> subclavian steal with vertebral occlusion<br><b>D:</b> lower extremity after venous ablation	<b>Answer:</b> A. arteriovenous dialysis graft<br><br><b>Feedback:</b><br>The velocity ratio compares the velocity at a suspected stenosis to the velocity proximal to the stenosis. The volume flow<br>measurement uses a wide Doppler sample volume to assess the amount of flow moving through the graft. The volume flow<br>measurement is specific to hemodialysis grafts. Peak and end diastolic flow velocities are also used to assess the graft.
"This patient has a brachiocephalic fistula. Use your mouse to position the cursor and click to select the portion of the cephalic vein that is filled with color.<br><br><img src=""q12.png"" alt=""Question 12 image"">"	<b>Answer:</b> Unavailable<br><br><b>Feedback:</b><br>A brachiocephalic fistula connects the cephalic vein to the brachial artery at the antecubital fossa. The most anterior vessel on<br>the image with turbulent flow is the cephalic vein. The vessel demonstrating flow toward the wrist (blue) is the brachial artery.<br>The radial artery is demonstrated with flow moving toward the antecubital fossa (red), which is abnormal. This patient has steal<br>syndrome.
A patient presents with a radiocephalic hemodialysis fistula in the left arm. Doppler evaluation of which of the following vessels will be used to rule out steal syndrome?<br><br><b>A:</b> Distal inflow artery, within 2cm below the fistula<br><b>B:</b> Proximal inflow artery, within 2cm above the fistula<br><b>C:</b> Cephalic vein at the shoulder<br><b>D:</b> Cephalic vein at the wrist	<b>Answer:</b> A. Distal inflow artery, within 2cm below the fistula<br><br><b>Feedback:</b><br>Doppler evaluation of the inflow artery &lt; 2cm distal to the fistula is used to diagnose steal syndrome. If flow is moving<br>retrograde in the distal radial (inflow) artery, then flow is moving toward the hand in the ulnar artery , through the palmar arch<br>and then toward the upper arm in the radial artery . Normal flow in the radial and ulnar arteries should move toward the hand<br>and into the palmar arch.
"If a patient had surgery to correct an occlusion of the right external iliac artery, what type of graft could be used?<br><br><b>A:</b> left femoral artery to the left popliteal artery<br><b>B:</b> right femoral artery to the right popliteal artery<br><b>C:</b> left femoral artery to the right femoral artery<br><b>D:</b> right femoral artery to the left femoral artery<br><br><img src=""q14.jpg"" alt=""Question 14 image"">"	<b>Answer:</b> C. left femoral artery to the right femoral artery<br><br><b>Feedback:</b><br>Arterial flow is shunted from the left femoral artery to the right femoral artery (distal to the obstruction).
"An in-situ vein graft exam must include the evaluation of any patent branches because:<br><br><b>A:</b> of increased risk for the formation of an AV malformation<br><b>B:</b> of the potential for AV fistula formation<br><b>C:</b> of the increased risk of stenosis in the branch<br><b>D:</b> they are necessary for proper graft function<br><br><img src=""q15.jpg"" alt=""Question 15 image"">"	<b>Answer:</b> B. of the potential for AV fistula formation<br><br><b>Feedback:</b><br>In-situ and reversed vein grafts should have all branches ligated before being placed as a bypass conduit. This process is more<br>effectively performed on the reversed vein graft because it is removed from the leg before it is placed as a graft. An AV fistula is<br>the most common complication of an in-situ vein graft because the venous branches can still be visibly patent. The arterial flow<br>entering the venous branches can cause an AV fistula. An AV malformation is a congenital connection between an artery and<br>vein.
"Which of the following is a sonographic characteristic of a normal renal transplant?<br><br><b>A:</b> decreased parenchymal resistance, RI &lt; 0.70<br><b>B:</b> decreased differentiation between renal parenchyma and sinus<br><b>C:</b> increased parenchymal resistance, RI &gt;0.70<br><b>D:</b> prominent renal pyramids<br><br><img src=""q16.jpg"" alt=""Question 16 image"">"	<b>Answer:</b> A. decreased parenchymal resistance, RI &lt; 0.70<br><br><b>Feedback:</b><br>If the allograft is in rejection, function is significantly decreased. The parenchyma resists the incoming flow due to its inability to<br>filter the blood. This causes increased parenchymal resistance with RI &gt;0.70. 2D findings of renal allograft rejection include<br>prominent renal pyramids and decreased differentiation between renal parenchyma and sinus.
"If a patient had surgery to correct an occlusion of the right external iliac vein, which of the following pathways could be used?<br><br><b>A:</b> redirect flow from the right femoral vein to the left femoral vein<br><b>B:</b> redirect flow from the right femoral vein to the left popliteal vein<br><b>C:</b> redirect flow from the left femoral vein to the right femoral vein<br><b>D:</b> redirect flow from the right common iliac vein to the right femoral vein<br><br><img src=""q17.jpg"" alt=""Question 17 image"">"	<b>Answer:</b> A. redirect flow from the right femoral vein to the left femoral vein<br><br><b>Feedback:</b><br>Blood is moving cephalad in the venous system. If the right EIV is blocked, flow can be bypassed from the right femoral vein to<br>the left femoral vein.
You are performing an annual carotid duplex on a patient that had a carotid endarterectomy 6 years ago. There is a new layer of homogeneous material lining the ICA and bulb. The Doppler evaluation demonstrates turbulence and elevated velocities. Which of the following is the most likely cause for these findings?<br><br><b>A:</b> neointimal hyperplasia<br><b>B:</b> progression of atherosclerotic disease<br><b>C:</b> intimal flap and dissection<br><b>D:</b> residual blockage from suboptimal surgical techniques	<b>Answer:</b> B. progression of atherosclerotic disease<br><br><b>Feedback:</b><br>Within the first month post-op, restenosis is attributed to suboptimal surgical techniques. Narrowing over the first 24 months<br>after CEA is attributed to neointimal hyperplasia. After 2 years, stenosis occurs due to progression of atherosclerotic disease.
"Color Doppler evaluation of an aortic endograft:<br><br><b>A:</b> is the most accurate method for diagnosis of an endoleak<br><b>B:</b> should be performed with increased wall filter and velocity scale settings with reduced color priority<br><b>C:</b> cannot be performed on patients who are less than 3 months post-op due to the risk of cavitation and graft migration<br><b>D:</b> can be limited by twinkle artifact and color flash artifact<br><br><img src=""q19.jpg"" alt=""Question 19 image"">"	<b>Answer:</b> D. can be limited by twinkle artifact and color flash artifact<br><br><b>Feedback:</b><br>Calcification in the aortic wall can cause twinkle artifact on color Doppler evaluation. Because color velocity and filter settings<br>are set to lower levels to detect the lower velocity flow in the aorta, color flash artifact is common with patient movement and<br>respiration. PW Doppler is necessary to confirm the diagnosis of a suspected endoleak seen on color Doppler. Follow up exams<br>for an aortic endograft are usually performed at 1-month post-op, then at 3, 6, 9, 12 and 18 months, followed by annual<br>assessment after the first year.
"Which of the following statements describes the findings on the image of the cephalic vein in a patient with a brachiocephalic graft?<br><br><b>A:</b> There is a stenosis proximal to the graft<br><b>B:</b> The patient probably has CHF<br><b>C:</b> The measurement indicates normal volume flow rate.<br><b>D:</b> There is a stenosis distal to the graft<br><br><img src=""q20.jpg"" alt=""Question 20 image"">"	<b>Answer:</b> B. The patient probably has CHF<br><br><b>Feedback:</b><br>A volume flow rate over 1200ml/min indicates possible CHF. A high flow rate can indicate volume overload in the venous<br>system.
"Which of the following would be considered abnormal in the Doppler evaluation of a renal transplant?<br><br><b>A:</b> Diastolic flow reversal within the parenchymal arteries<br><b>B:</b> A resistive index of 0.65 for the arcuate arteries<br><b>C:</b> Mildly turbulent flow at the arterial anastomosis site<br><b>D:</b> Phasic flow in the renal vein<br><br><img src=""q21.jpg"" alt=""Question 21 image"">"	<b>Answer:</b> A. Diastolic flow reversal within the parenchymal arteries<br><br><b>Feedback:</b><br>Phasic flow in the renal vein, mildly turbulent flow at the arterial anastomosis site and a resistive index of 0.65 for the arcuate<br>arteries are normal findings in a renal allograft. Loss of diastolic flow or diastolic flow reversal indicates a significant increase in<br>the resistance of the renal vascular beds which is consistent with rejection.
A patient presents for pre-operative arterial mapping for the TRAM flap breast reconstruction procedure. What vessel(s) should be evaluated?<br><br><b>A:</b> epigastric arteries and radial artery<br><b>B:</b> radial artery<br><b>C:</b> epigastric and internal mammary arteries<br><b>D:</b> internal mammary artery and radial artery	<b>Answer:</b> C. epigastric and internal mammary arteries<br><br><b>Feedback:</b><br>Internal Mammary Artery: AKA internal thoracic artery originates from subclavian artery; Used in breast reconstruction and as<br>coronary graft for left anterior descending (LAD) artery<br>Epigastric Arteries: Superior EA originates from internal mammary artery and shares anastomoses with the inferior EA; Inferior<br>EA originates from the external iliac artery; Both vessels supply the rectus abdominis muscle used in TRAM Flap procedure for<br>breast reconstruction; Evaluated to locate the section of muscle with the best perfusion for surgery
When evaluating a patient for placement of an AV fistula for dialysis, what is the minimum acceptable diameter for the native vein where the graft will be connected?<br><br><b>A:</b> 3.5mm<br><b>B:</b> 2.5mm<br><b>C:</b> 4.5mm<br><b>D:</b> 5mm	<b>Answer:</b> B. 2.5mm<br><br><b>Feedback:</b><br>Hemodialysis requires a native vein &gt;2.5mm for AVF; native artery &gt;2mm. A native vein &gt;4mm is required for a synthetic graft.
You are performing a carotid duplex on a patient that had a carotid endarterectomy 2 weeks ago. There is homogeneous material lining the ICA and bulb and Doppler demonstrates turbulence and elevated velocities. Which of the following is the most likely cause for these findings?<br><br><b>A:</b> intimal flap and dissection<br><b>B:</b> residual blockage from suboptimal surgical techniques<br><b>C:</b> progression of atherosclerotic disease<br><b>D:</b> neointimal hyperplasia	<b>Answer:</b> B. residual blockage from suboptimal surgical techniques<br><br><b>Feedback:</b><br>Within the first month post-op, restenosis is attributed to suboptimal surgical techniques. Narrowing over the first 24 months<br>after CEA is attributed to neointimal hyperplasia. After 2 years, stenosis occurs due to progression of atherosclerotic disease.
A patient presents for a follow up of stent placement in the SMA due to stenosis. How will you determine if the procedure was a success?<br><br><b>A:</b> peak velocities should be reduced compared to pre-procedure levels, but will still appear elevated when compared to normal velocities of non-stenotic arterial flow<br><b>B:</b> at least a 70% reduction in velocity compared to pre-stented velocities<br><b>C:</b> peak velocities should have returned to normal levels related to non-stenotic arterial flow<br><b>D:</b> at least a 50% reduction in velocity compared to pre-stented velocities	<b>Answer:</b> A. peak velocities should be reduced compared to pre-procedure levels, but will still appear elevated when compared to normal velocities of non-stenotic arterial flow<br><br><b>Feedback:</b><br>When a stent is used to treat an arterial obstruction it helps to maintain a patent lumen, but will result in elevated velocities<br>compared to expected normal non-stenotic velocities. Follow up exams should demonstrate reasonable velocity reduction<br>compared to pre-stented levels, but normal velocities should not be expected.
Which of the following is not an expected complication in a 3-week post-op liver transplant patient?<br><br><b>A:</b> biloma<br><b>B:</b> portal vein thrombosis<br><b>C:</b> hepatic vein thrombosis<br><b>D:</b> hepatic artery atherosclerosis	<b>Answer:</b> D. hepatic artery atherosclerosis<br><br><b>Feedback:</b><br>Atherosclerosis formation is a chronic process. Thrombosis and biloma formation are acute complications that can be seen with<br>a recent liver transplant.
"Which of the following correctly describes steal syndrome in a patient with a Brescia-Cimino graft?<br><br><b>A:</b> it is caused by stenosis in the outflow vein<br><b>B:</b> a water hammer pulse will be detected<br><b>C:</b> pain and pallor in the hand that increases with exercise<br><b>D:</b> triphasic flow will be identified in the inflow artery<br><br><img src=""q27.jpg"" alt=""Question 27 image"">"	<b>Answer:</b> C. pain and pallor in the hand that increases with exercise<br><br><b>Feedback:</b><br>Steal syndrome with an AVF causes blood to travel from the ulnar artery into the hand and move through the palmar arch to<br>exit the hand in the radial artery. It is caused by high volume flow in most cases, but can also occur with inflow stenosis. Both<br>cause pressure changes that lead to blood flow reversal in the radial artery. The arterial flow is diverted from the fingers and<br>back to the outflow vein. Symptoms include pain, pallor, polar sensation, paresthesia, Finger/Brachial Index &lt;0.7, cyanotic<br>fingertips and diminished radial pulse on palpation. Arm exercise can exacerbate the symptoms.
A patient presents for Doppler evaluation after revascularization of the SMA 1 week ago. The study prior to treatment demonstrated a peak systolic velocity of 4.2m/s in the SMA. On today&#x27;s exam, the velocity in the proximal SMA has reduced to 3.3m/s. How will you report these findings?<br><br><b>A:</b> The SMA demonstrates normal velocities after the procedure.<br><b>B:</b> Unable to summarize the results until pre-prandial and post-prandial evaluations are performed.<br><b>C:</b> Unable to summarize the results with the end diastolic velocity.<br><b>D:</b> The SMA flow velocity has decreased, but has not returned to normal levels.	<b>Answer:</b> D. The SMA flow velocity has decreased, but has not returned to normal levels.<br><br><b>Feedback:</b><br>The normal velocity in the SMA is &lt;2.75m/s. The SMA flow velocity has decreased, but has not returned to normal levels.
Which of the following correctly explains why a surgeon would perform an intravascular ultrasound immediately after stent placement in small artery?<br><br><b>A:</b> To assess the velocity of flow in the artery<br><b>B:</b> To evaluate the stent position<br><b>C:</b> To assess the velocity of flow in the stent<br><b>D:</b> To confirm that all plaque was removed from the artery	<b>Answer:</b> B. To evaluate the stent position<br><br><b>Feedback:</b><br>Intravascular ultrasound uses a 10-30MHz transducer. IVUS allows for 360-degree imaging of the artery lumen. It is used to<br>locate the narrowest segment that would benefit from stent placement, used after angiography to evaluate proper stent<br>placement, used to evaluate coronary artery disease from within the coronary arteries. The transducers allow 2D imaging only,<br>NO Doppler capabilities
Where is the most common location for the surgeon to place a renal allograft?<br><br><b>A:</b> right iliac fossa<br><b>B:</b> 2-4cm below the umbilicus<br><b>C:</b> left iliac fossa<br><b>D:</b> 2-4cm above the urinary bladder	<b>Answer:</b> A. right iliac fossa<br><br><b>Feedback:</b><br>The right iliac fossa is the most common site for placement of a renal allograft.
What is the most common complication of an in-situ vein graft?<br><br><b>A:</b> infection<br><b>B:</b> thrombosis<br><b>C:</b> AV fistula<br><b>D:</b> rupture	<b>Answer:</b> C. AV fistula<br><br><b>Feedback:</b><br>An AV fistula is the most common complication of an in-situ vein graft. Because the vein is left in its normal position and<br>attached to the arterial system at each end, some side tributaries persist as residual arteriovenous fistulae. When the vein is<br>connected to the arterial system, flow moves through the vein and can enter the smaller tributary veins causing an AV fistula.
"When continuous TCD monitoring is used to assist with a carotid endarterectomy, when is the TCD device first activated to begin monitoring the patient?<br><br><b>A:</b> immediately after the endarterectomy was performed but before the wound closure is performed<br><b>B:</b> just before the surgery starts<br><b>C:</b> within 1-2 hours after the endarterectomy was performed<br><b>D:</b> within 24hrs after the endarterectomy was performed<br><br><img src=""q32.png"" alt=""Question 32 image"">"	<b>Answer:</b> B. just before the surgery starts<br><br><b>Feedback:</b><br>The patient&#x27;s intracranial blood flow is monitored closely to identify and count any embolic signatures that may occur during the<br>endarterectomy, and closing phase of the surgery, as well as in the recovery room.
A patient presents for evaluation of their hemodialysis graft. The proximal anastomosis demonstrates a velocity of 130cm/s. The mid graft velocity is 275cm/s and the distal anastomosis velocity is 50cm/s. What is your conclusion about the findings on the exam?<br><br><b>A:</b> There is stenosis of the proximal anastomosis and the mid graft segment.<br><b>B:</b> The Doppler evaluation is normal.<br><b>C:</b> The venous outflow is most likely thrombosed.<br><b>D:</b> There is stenosis of the mid graft segment.	<b>Answer:</b> D. There is stenosis of the mid graft segment.<br><br><b>Feedback:</b><br>Flow velocities that double between segments indicate graft stenosis. The velocity increases by more than 2X at the mid<br>segment. The velocity at the proximal anastomosis is normal as flow within the grafts is usually high velocity. The distal graft<br>velocity drops significantly distal to the stenosis. This also indicates a significant stenosis is present in the graft.
Which of the following statements regarding the radial artery is true?<br><br><b>A:</b> It supplies the majority of blood to the hand.<br><b>B:</b> Requires normal results from Tinel test prior to harvesting.<br><b>C:</b> It can be an alternative coronary bypass graft when the great saphenous vein is not an option.<br><b>D:</b> It is the upper extremity artery most commonly affected by atherosclerosis.	<b>Answer:</b> C. It can be an alternative coronary bypass graft when the great saphenous vein is not an option.<br><br><b>Feedback:</b><br>The radial artery is commonly used for CABG surgery. The ulnar artery supplies the majority of blood to the hand. The Tinel test<br>evaluates suspected carpal tunnel syndrome.
Auscultation and palpation should be performed by the Sonographer as part of what type of vascular ultrasound exam?<br><br><b>A:</b> lower extremity segmental pressure examination<br><b>B:</b> upper extremity duplex for thoracic outlet syndrome<br><b>C:</b> lower extremity duplex for popliteal entrapment<br><b>D:</b> hemodialysis graft evaluation	<b>Answer:</b> D. hemodialysis graft evaluation<br><br><b>Feedback:</b><br>Auscultation of a hemodialysis graft is performed to assess patency. Normally turbulent flow will be detected if the graft is<br>patent. A thumping sound can be heard with occlusion. The graft is palpated to assess for the expected thrill over a patent graft.<br>The distal forearm arteries are assessed to confirm blood is reaching the distal arm/hand. NEVER take the blood pressure in an<br>arm with a hemodialysis graft because compressing the graft can cause damage.<br>Auscultation is not typically part of an ultrasound evaluation in other areas. Palpation may assist the Sonographer in locating a<br>vessel for the other exams listed, but the US system is typically better at locating vessels than palpation.
"The distal anastomosis of a fem- fem graft is demonstrated. Which of the following statements correctly describe the findings?<br><br><b>A:</b> the native CFA demonstrates retrograde flow which indicates graft failure<br><b>B:</b> there is a stenosis of the profunda femoral artery<br><b>C:</b> there is significant turbulence noted at the anastomosis site<br><b>D:</b> the native CFA demonstrates retrograde flow which is a normal finding<br><br><img src=""q36_1.jpg"" alt=""Question 36 image""><br><br><img src=""q36_2.jpg"" alt=""Question 36 image"">"	<b>Answer:</b> D. the native CFA demonstrates retrograde flow which is a normal finding<br><br><b>Feedback:</b><br>The distal graft is connected to the native artery below the obstruction. As blood flows through the graft to the native artery,<br>most of the blood will proceed more distally in the leg. Some blood will flow back up the native artery to the level of the<br>obstruction because the pressure distal to the obstruction is very low. There is a stenosis of the femoral artery present on the<br>image. There is no significant turbulence present at the anastomosis. Note the very low color scale and aliasing is only present<br>at the femoral artery stenosis,
Which of the following correctly describes myointimal hyperplasia in an arterial bypass graft?<br><br><b>A:</b> Not identified on ultrasound until greater than 3 years post-op<br><b>B:</b> Caused by the healing process at the anastomosis sites<br><b>C:</b> Easily differentiated from atheroma formation<br><b>D:</b> Most commonly occurs in an in-situ vein graft at sites of valve removal	<b>Answer:</b> B. Caused by the healing process at the anastomosis sites<br><br><b>Feedback:</b><br>Myointimal hyperplasia is a common cause of stenosis at the anastomosis sites of a graft. Native tissues proliferate during the<br>healing process after graft placement. It can be identified anytime from 1 month to 2 years post-op. Difficult to differentiate<br>from soft atheroma formation.
"Which of the following correctly describes the Doppler tracing obtained from a hemodialysis graft?<br><br><b>A:</b> There is significant stenosis present at the venous anastomosis<br><b>B:</b> Stenosis at the proximal anastomosis of the graft is suspected<br><b>C:</b> There is reduced volume of flow associated with graft failure<br><b>D:</b> The flow pattern is normal<br><br><img src=""q38.jpg"" alt=""Question 38 image"">"	<b>Answer:</b> D. The flow pattern is normal<br><br><b>Feedback:</b><br>Turbulent flow in the fistula is an expected finding. Velocities below 400 cm/s are considered normal. The arterial inflow is<br>normally low resistance and very turbulent. The outflow vein will demonstrate increased pulsatility and turbulence.
A patient presents for an evaluation of a lower extremity synthetic bypass graft for suspected stenosis. What area of the graft should be evaluated first because it is the most common location of graft stenosis?<br><br><b>A:</b> in the proximal graft<br><b>B:</b> at the anastomosis sites<br><b>C:</b> in the distal graft<br><b>D:</b> native artery	<b>Answer:</b> B. at the anastomosis sites<br><br><b>Feedback:</b><br>Thrombosis is the most common cause of acute stenosis or occlusion of a graft. Myointimal hyperplasia is the most common<br>cause of chronic stenosis/occlusion of a graft which most commonly occurs due to over-healing of the tissue at the anastomosis<br>sites. The rough surface of the connection and the confluence of the vessel/graft cause increased turbulence of the blood flow.<br>These factors cause an increased incidence of stenosis/thrombosis.
Which of the following patients would benefit from intraoperative TCD monitoring of the left MCA?<br><br><b>A:</b> left IJV thrombosis<br><b>B:</b> right ICA stent placement<br><b>C:</b> right carotid endarterectomy<br><b>D:</b> left carotid endarterectomy	<b>Answer:</b> D. left carotid endarterectomy<br><br><b>Feedback:</b><br>Flow from the left ICA enters the left MCA. If a piece of plaque breaks off during the endarterectomy and escapes into the ICA, it<br>can cause stroke symptoms. Monitoring is used to detect emboli.
"Which of the following is a common occurrence after an endarterectomy?<br><br><b>A:</b> Neointimal hyperplasia<br><b>B:</b> Congestive heart failure<br><b>C:</b> Intimal dissection<br><b>D:</b> Intracranial hemorrhage<br><br><img src=""q41.jpg"" alt=""Question 41 image"">"	<b>Answer:</b> A. Neointimal hyperplasia<br><br><b>Feedback:</b><br>Neointimal hyperplasia refers to the overgrowth of normal tissue in response to the endarterectomy. This is a common cause of<br>re-stenosis of a vessel that previously underwent endarterectomy.
"A fem - fem graft is used to treat:<br><br><b>A:</b> bilateral popliteal stenosis<br><b>B:</b> bilateral iliac stenosis<br><b>C:</b> unilateral iliac stenosis<br><b>D:</b> unilateral femoral stenosis<br><br><img src=""q42.jpg"" alt=""Question 42 image"">"	<b>Answer:</b> C. unilateral iliac stenosis<br><br><b>Feedback:</b><br>A fem - fem graft can be used to correct unilateral iliac stenosis. Blood is passed from the patent femoral artery through the<br>graft to the contralateral femoral artery at a point distal to the stenosis.
"Which of the following is an abnormal finding for a hemodialysis graft?<br><br><b>A:</b> volume flow rate 500 - 1000ml/min<br><b>B:</b> turbulent flow at the anastomosis site<br><b>C:</b> high velocity, pulsatile flow in the outflow vein<br><b>D:</b> inflow artery demonstrates a triphasic waveform<br><br><img src=""q43.jpg"" alt=""Question 43 image"">"	<b>Answer:</b> D. inflow artery demonstrates a triphasic waveform<br><br><b>Feedback:</b><br>Normal flow velocity within the graft should be &gt;100cm/s. Graft stenosis suspected with velocities greater than 400cm/s.<br>Abnormal flow volume &lt;500ml/min. If the flow velocity doubles (or more) between two points in the graft, significant stenosis is<br>suspected. If the inflow artery demonstrates a triphasic waveform, graft occlusion is suspected. Turbulent flow is normal at the<br>anastomosis site and the venous outflow will also be turbulent and pulsatile.
A fem - tib graft is used to treat:<br><br><b>A:</b> bilateral iliac stenosis<br><b>B:</b> bilateral popliteal stenosis<br><b>C:</b> unilateral distal femoral stenosis<br><b>D:</b> unilateral iliac stenosis	<b>Answer:</b> C. unilateral distal femoral stenosis<br><br><b>Feedback:</b><br>A fem - tib graft can be used to correct unilateral distal femoral or popliteal stenosis. The femoral artery is connected by a graft<br>to the anterior tibial artery or tibioperoneal trunk distal to the obstruction.
Which of the following requires a 2D and Doppler evaluation for a complete exam?<br><br><b>A:</b> Renal or liver transplant<br><b>B:</b> Thoracic outlet syndrome<br><b>C:</b> Raynaud syndrome<br><b>D:</b> Popliteal entrapment	<b>Answer:</b> A. Renal or liver transplant<br><br><b>Feedback:</b><br>A renal transplant requires a 2D evaluation to assess renal size and cortical echogenicity related to the renal sinus. Doppler is<br>used to evaluate arterial and venous flow. A liver transplant requires a 2D evaluation to assess liver echogenicity and<br>echotexture. The other abnormalities listed would easily be evaluated with PPG or digit pressures and imaging would not<br>necessarily be required.
You are performing an ultrasound on a fem-pop PTFE graft in a lower extremity and you suspect a stenosis at the distal anastomosis. How will you calculate the velocity ratio in this patient?<br><br><b>A:</b> Divide the velocity in the native popliteal artery by the velocity in the distal graft.<br><b>B:</b> Divide the velocity at the distal anastomosis by the velocity in the proximal anastomosis.<br><b>C:</b> Divide the velocity in the native popliteal artery by the velocity in the native femoral artery.<br><b>D:</b> Divide the velocity at the distal anastomosis by the velocity in the distal graft.	<b>Answer:</b> D. Divide the velocity at the distal anastomosis by the velocity in the distal graft.<br><br><b>Feedback:</b><br>The velocity ratio is calculated by dividing the velocity at the stenosis by the velocity just proximal to the stenosis (in this case it<br>is the distal graft that is just proximal to the stenosis).
An aorto-bifemoral graft is used to treat:<br><br><b>A:</b> unilateral femoral stenosis<br><b>B:</b> unilateral iliac stenosis<br><b>C:</b> bilateral iliac stenosis<br><b>D:</b> bilateral popliteal stenosis	<b>Answer:</b> C. bilateral iliac stenosis<br><br><b>Feedback:</b><br>An aorto-bifemoral graft can be used to correct distal aortic stenosis or bilateral iliac stenosis.
Which of the following is part of the standard protocol for evaluating a patient with an aortic endograft?<br><br><b>A:</b> Document the location of the proximal attachment site and compare to prior exam to rule out graft migration<br><b>B:</b> Obtain waveforms in the mesenteric arteries to document flow is unaffected by the graft<br><b>C:</b> Obtain waveforms in the renal arteries and veins to document flow is unaffected by the graft<br><b>D:</b> Measure the thickness of the mural thrombus surrounding the graft and compare to the prior exam to rule out increased thrombus formation	<b>Answer:</b> A. Document the location of the proximal attachment site and compare to prior exam to rule out graft migration<br><br><b>Feedback:</b><br>Graft migration can be a complication of an endograft. On each evaluation, the location of the proximal attachment site should<br>be identified and the level of the attachment in the aorta should be documented. Distal migration can cause kinking, tortuosity<br>or luminal narrowing of the graft.
After an endarterectomy or carotid stent placement, the first follow up exam should be performed:<br><br><b>A:</b> immediately following the procedure<br><b>B:</b> within one month after the procedure<br><b>C:</b> on the 1-year anniversary date of the procedure<br><b>D:</b> within 5 days of the procedure	<b>Answer:</b> B. within one month after the procedure<br><br><b>Feedback:</b><br>A patient that has had an endarterectomy or carotid stent placement is usually evaluated within first month following the<br>procedure. If performed too soon after the endarterectomy or other open surgical procedure, artifacts produced by air in the<br>patch or graft may inhibit the exam.
You are evaluating a cephalic vein for bypass graft potential. The vessel diameter is &lt;2mm for its entire length. What should you do next?<br><br><b>A:</b> apply a tourniquet to the forearm and remeasure the cephalic vein segments proximal to the tourniquet<br><b>B:</b> apply a tourniquet to the upper arm and remeasure the cephalic vein segments distal to the tourniquet<br><b>C:</b> report the vein as acceptable for harvest with a maximum diameter of 2mm<br><b>D:</b> report the vein as unusable with a diameter at 2mm and select another upper extremity vein to evaluate for a potential graft	<b>Answer:</b> B. apply a tourniquet to the upper arm and remeasure the cephalic vein segments distal to the tourniquet<br><br><b>Feedback:</b><br>&gt;3mm veins are preferred for graft procedures. The basilic and cephalic veins can be acceptable conduits. When performing the<br>exam, the patient is supine with arm extended at side at a level lower than the heart or in a seated position with hand on lap.<br>Tourniquets can be applied to the proximal extremity in cases where the veins are very small. The veins distal to the tourniquet<br>should dilate to provide an accurate maximum diameter.
Which of the following describes the expected changes in the extremity flow patterns if balloon angioplasty of a 75% stenosis in the common femoral artery was a success?<br><br><b>A:</b> monophasic flow in the femoral artery is now triphasic<br><b>B:</b> triphasic flow in the femoral artery is now biphasic<br><b>C:</b> increased diastolic flow in the femoral artery and all arteries distally<br><b>D:</b> triphasic flow in the femoral artery is now monophasic	<b>Answer:</b> A. monophasic flow in the femoral artery is now triphasic<br><br><b>Feedback:</b><br>Abnormal flow in the lower extremity is demonstrated as a monophasic waveform with increased diastolic flow. After<br>treatment, the flow pattern in the distal arteries should increase in resistance to become biphasic or triphasic.
________________ is the most common endoleak and usually does not require intervention, while _____________ is most dangerous and requires surgical intervention.<br><br><b>A:</b> Type I, Type II<br><b>B:</b> Type III, Type IV<br><b>C:</b> Type II, Type I<br><b>D:</b> Type IV, Type I	<b>Answer:</b> C. Type II, Type I<br><br><b>Feedback:</b><br>Type II is the most common endoleak and usually does not require intervention, while Type I is most dangerous and requires<br>surgical intervention.
"Which statement best describes the Doppler tracing from a bypass graft in the lower extremity?<br><br><b>A:</b> There is increased velocity and post stenotic turbulence present which indicates significant stenosis is present.<br><b>B:</b> The waveform is normal velocity and appearance for the lower extremity graft segment being evaluated.<br><b>C:</b> There is normal velocity flow with mild spectral broadening present which indicates no significant disease is present.<br><b>D:</b> There is increased velocity and spectral broadening present which indicates significant stenosis is present.<br><br><img src=""q53.jpg"" alt=""Question 53 image"">"	<b>Answer:</b> D. There is increased velocity and spectral broadening present which indicates significant stenosis is present.<br><br><b>Feedback:</b><br>The velocity appears to be approximately 300cm/s which is abnormal. The absence of the spectral window indicates spectral<br>broadening.
What native artery is commonly used for the arterial anastomosis in a renal transplant when the external iliac artery is not available?<br><br><b>A:</b> external iliac vein<br><b>B:</b> internal iliac artery<br><b>C:</b> common iliac artery<br><b>D:</b> aorta	<b>Answer:</b> B. internal iliac artery<br><br><b>Feedback:</b><br>The external iliac artery is most commonly used as the arterial anastomosis for the allograft artery. The internal iliac artery is<br>commonly used for the arterial anastomosis when the external iliac artery is not available.
How does the imaging protocol differ when evaluating a hemodialysis graft versus a hemodialysis fistula?<br><br><b>A:</b> A graft has one anastomotic site and the fistula has two<br><b>B:</b> The outflow vein must be evaluated with a fistula but is not required for graft evaluation<br><b>C:</b> A graft has two anastomotic sites and the fistula only has one<br><b>D:</b> The outflow vein must be evaluated with a graft but is not required for fistula evaluation	<b>Answer:</b> C. A graft has two anastomotic sites and the fistula only has one<br><br><b>Feedback:</b><br>A hemodialysis graft involves a synthetic graft attached to an artery at one end and a vein at the other end. Both anastomotic<br>sites must be evaluated in a complete exam. The hemodialysis fistula connects a native artery and vein at a single anastomotic<br>site. The standard protocol includes evaluation of the native artery proximal to the anastomosis, the anastomotic site(s) and the<br>outflow vein just distal to the anastomosis.
If a liver transplant patient has a piggyback anastomosis, how does this affect your evaluation?<br><br><b>A:</b> there will be a single anastomosis site in the IVC that must be evaluated<br><b>B:</b> there will be two anastomosis sites in the main portal vein that must be evaluated<br><b>C:</b> each hepatic vein is connected to the native IVC separately, so there will be three anastomosis sites in the IVC that must be evaluated<br><b>D:</b> the hepatic artery anastomosis will not be able to be visualized because it is located deep within the liver tissue	<b>Answer:</b> A. there will be a single anastomosis site in the IVC that must be evaluated<br><br><b>Feedback:</b><br>Before beginning the exam, the surgical notes should be reviewed to determine if the patient has a full or partial transplant, a<br>piggyback or interposition anastomosis and note the anastomosis sites for all vasculature.<br>Piggyback - hepatic confluence of transplant liver attached to native IVC; single anastomosis site<br>Interposition - donor IVC segment replaces a segment of the native IVC; two anastomosis sites
A patient presents for a 3-month follow-up on his aortic endograft. The aortic sac has increased in size by 0.8cm since the last ultrasound evaluation performed 2 months ago. No endoleak was detected on ultrasound or CT evaluation. What is the most likely cause for the diameter change?<br><br><b>A:</b> Reactive hyperemia<br><b>B:</b> Endotension<br><b>C:</b> Graft migration<br><b>D:</b> May Thurner syndrome	<b>Answer:</b> B. Endotension<br><br><b>Feedback:</b><br>Endotension- no leak present but there is continued expansion of the aneurysm sac greater than 5 mm; sometimes referred to<br>as Type V Endoleak
You are evaluating a liver transplant in a patient that received the organ yesterday. The resistive index (RI) for the hepatic artery is 0.9. Which of the following best describes the findings?<br><br><b>A:</b> The resistive index is abnormally increased and any value greater than 0.6 indicates irreversible rejection<br><b>B:</b> The resistive index is abnormally increased, but this can be a normal finding in immediate post-op patients<br><b>C:</b> The resistive index indicates normal resistance to flow in the liver parenchyma<br><b>D:</b> The resistive index is abnormally increased and should be reported as a critical finding of suspected rejection	<b>Answer:</b> B. The resistive index is abnormally increased, but this can be a normal finding in immediate post-op patients<br><br><b>Feedback:</b><br>In the immediate post-op patient, there can be increased hepatic pressure usually secondary to edema. This can cause the RI<br>values to be elevated. Serial exams should be performed to monitor the expected increase in diastolic flow and decline in RI<br>values. Resistive Index (RI) 0.5-0.8 Normal
"Venous flow proximal to an AV fistula becomes ________________ due to the inflow of arterial flow distally<br><br><b>A:</b> phasic<br><b>B:</b> high resistance<br><b>C:</b> continuous<br><b>D:</b> pulsatile<br><br><img src=""q59.jpg"" alt=""Question 59 image"">"	<b>Answer:</b> D. pulsatile<br><br><b>Feedback:</b><br>Venous flow proximal to an AV fistula becomes pulsatile due to the inflow of arterial flow distally. The image below<br>demonstrates the venous outflow of a fistula (proximal to the fistula). The flow in the cephalic vein is turbulent and pulsatile.
A patient presents for a stat lower extremity arterial Doppler evaluation following the recent placement of a fem-tib graft in the right leg. The patient complains of significant pain and weakness in the calf muscle with areas of numbness on the anterior aspect of the lower leg. What is the most likely finding on the exam?<br><br><b>A:</b> anterior compartment syndrome<br><b>B:</b> DVT<br><b>C:</b> phlegmasia alba dolens<br><b>D:</b> graft stenosis	<b>Answer:</b> A. anterior compartment syndrome<br><br><b>Feedback:</b><br>Reperfusion of the leg via bypass graft can lead to anterior compartment syndrome. Symptoms include paresthesia, pain in the<br>calf muscle with foot dorsiflexion, drop foot and calf muscle weakness.
"This patient has a brachiocephalic fistula. Use your mouse to position the cursor and click to select the portion of the brachial artery that is filled with color.<br><br><img src=""q61.png"" alt=""Question 61 image"">"	<b>Answer:</b> Unavailable<br><br><b>Feedback:</b><br>A brachiocephalic fistula connects the cephalic vein to the brachial artery at the antecubital fossa. The most anterior vessel on<br>the image with turbulent flow is the cephalic vein. The vessel demonstrating flow toward the wrist (blue) is the brachial artery.<br>The radial artery is demonstrated with flow moving toward the antecubital fossa (red), which is abnormal. This patient has steal<br>syndrome.
Which of the following vessels are a common source for a Type II endoleak?<br><br><b>A:</b> inferior mesenteric artery and lumbar arteries<br><b>B:</b> celiac axis and superior mesenteric artery<br><b>C:</b> common iliac artery and gonadal arteries<br><b>D:</b> left gastric artery and right hepatic artery	<b>Answer:</b> A. inferior mesenteric artery and lumbar arteries<br><br><b>Feedback:</b><br>Type II endoleak : leak at the branch vessels; will see retrograde flow into the aneurysm sac and increase in AAA diameter;<br>inferior mesenteric artery, internal iliac, lumbar arteries and accessory renal arteries are potential sources for the leak
When performing serial exams on an in situ venous bypass graft, _________________ indicates significant graft failure.<br><br><b>A:</b> conversion of the waveform from triphasic to biphasic<br><b>B:</b> a decrease in peak systolic velocity of 30cm/s from the last exam<br><b>C:</b> a decrease in ABI of 0.10 from the last exam<br><b>D:</b> an increase in end diastolic velocity greater than 30cm/s from the last exam	<b>Answer:</b> B. a decrease in peak systolic velocity of 30cm/s from the last exam<br><br><b>Feedback:</b><br>Serial exams that demonstrate a decrease in the PSV or 30cm/s or more and/or a decrease in the ABI of 0.15 or more indicate<br>poor performance of the graft on the current exam.
Retained valve cusps are a complication of:<br><br><b>A:</b> reversed cephalic graft<br><b>B:</b> in-situ saphenous graft<br><b>C:</b> Brescia-Cimino graft<br><b>D:</b> reversed saphenous graft	<b>Answer:</b> B. in-situ saphenous graft<br><br><b>Feedback:</b><br>An in-situ saphenous vein graft is performed by disconnecting the proximal GSV from the common femoral vein to connect to<br>the arterial system proximal to an obstruction. The GSV is then ligated distal to the obstruction and the distal end of the in situ<br>graft if attached to the artery just distal to the obstruction. The valves must be removed from the graft or they will prevent<br>arterial blood flow from moving down the leg. Retained cusps can lead to stenosis or thrombosis in the graft.
"In a patient with a patent brachiobasilic AV graft, the axillary vein will:<br><br><b>A:</b> demonstrate high velocity pulsatile flow<br><b>B:</b> demonstrate low velocity continuous flow<br><b>C:</b> demonstrate biphasic flow with the majority of antegrade flow occurring during diastole<br><b>D:</b> demonstrate a loss of spontaneous and phasic flow and will require distal augmentation to assess patency<br><br><img src=""q65.jpg"" alt=""Question 65 image"">"	<b>Answer:</b> A. demonstrate high velocity pulsatile flow<br><br><b>Feedback:</b><br>The basilic vein connects to the axillary vein in the upper arm/axilla. The arterial inflow into the basilic vein from the AVG will<br>transmit a pulsatile waveform with high velocities into the axillary vein.
A patient is undergoing AAA repair in the distal aorta. The physician places an endovascular graft within the aorta. If the graft placement was successful, how should the ankle pressures change post- procedure?<br><br><b>A:</b> no change should be seen<br><b>B:</b> varies with type of graft used<br><b>C:</b> mild increase<br><b>D:</b> mild decrease	<b>Answer:</b> C. mild increase<br><br><b>Feedback:</b><br>The AAA would have caused a reduction in flow moving to the legs. The lower extremities would exhibit decreased resistance in<br>the vascular beds to maintain flow. This would indicate a mild reduction in ankle pressure. When the graft is placed in the aorta,<br>flow to the legs increases and pressure and resistance would both increase at the ankles.
The saphenous vein has already been harvested from both legs for CABG surgery. What other vein could be harvested for an additional bypass graft?<br><br><b>A:</b> internal mammary artery or subclavian vein<br><b>B:</b> subclavian vein or cephalic vein<br><b>C:</b> cephalic vein or internal mammary vein<br><b>D:</b> cephalic or basilic vein	<b>Answer:</b> D. cephalic or basilic vein<br><br><b>Feedback:</b><br>Cephalic and basilic veins can be harvested for use in coronary artery bypass graft surgery. The internal mammary artery can<br>also be used as a bypass graft but the question asks for veins.
"Which of the following describes the 2D appearance of acute renal allograft rejection on ultrasound?<br><br><b>A:</b> Decreased echogenicity and size<br><b>B:</b> Resistive index over 0.8<br><b>C:</b> Increased echogenicity and decreased size<br><b>D:</b> Increased echogenicity and size<br><br><img src=""q68.jpg"" alt=""Question 68 image"">"	<b>Answer:</b> D. Increased echogenicity and size<br><br><b>Feedback:</b><br>2D findings of acute allograft failure include increased echogenicity of the gland, increased size and loss of corticomedullary<br>definition. The RI value will be over 0.8 but this is a Doppler value not a 2D characteristic.
Which intracerebral vessel is evaluated on a TCD evaluation performed during a left carotid endarterectomy?<br><br><b>A:</b> contralateral MCA<br><b>B:</b> ipsilateral MCA<br><b>C:</b> ipsilateral ACA<br><b>D:</b> contralateral PCA	<b>Answer:</b> B. ipsilateral MCA<br><br><b>Feedback:</b><br>The ipsilateral middle cerebral artery is monitored during carotid endarterectomy for the presence of cerebral emboli and to<br>help determine if a shunt is necessary during the procedure.
Which of the following correctly describes hemodialysis?<br><br><b>A:</b> Contraindications include abdominal wall scarring, hernia, inflammatory bowel disease or diverticulitis<br><b>B:</b> A cleansing fluid flows is injected through an intraperitoneal catheter<br><b>C:</b> An arteriovenous fistula is created by connecting an artery and a vein, usually in the arm<br><b>D:</b> Can be performed by the patient at home	<b>Answer:</b> C. An arteriovenous fistula is created by connecting an artery and a vein, usually in the arm<br><br><b>Feedback:</b><br>Hemodialysis requires an arteriovenous fistula. The AVF is created by connecting an artery and a vein, usually in the arm. The<br>dialysis machine is connected to the patient using two separate needles. Blood is removed from the body, sent through the<br>machine, and returned to the body through the AVF. The treatment requires regular visits to a dialysis center.
What is the primary reason why dialysis grafts are commonly placed at the antecubital fossa or wrist, and not the shoulder?<br><br><b>A:</b> there is an increased risk of graft rupture with the wide range of motion for the normal shoulder<br><b>B:</b> there is an increased risk of graft thrombosis with the wide range of motion for the normal shoulder<br><b>C:</b> to make it less visible to help with patient privacy related to their dialysis treatment<br><b>D:</b> the closer the AV fistula to the heart, the greater the risk of developing heart failure	<b>Answer:</b> D. the closer the AV fistula to the heart, the greater the risk of developing heart failure<br><br><b>Feedback:</b><br>The AV fistula is created in the arm at the furthest point possible where the vessels still meet the minimum size requirements<br>for the procedure. The closer the AVF to the heart, the greater the risk of developing heart failure from reprocessing of the<br>arterial blood that is emptied directly into the venous system.
When evaluating a patient for placement of a hemodialysis graft, what is the minimum acceptable diameter for the native artery where the graft will be connected?<br><br><b>A:</b> 2mm<br><b>B:</b> 3mm<br><b>C:</b> 4mm<br><b>D:</b> 5mm	<b>Answer:</b> A. 2mm<br><br><b>Feedback:</b><br>Hemodialysis requires native vein &gt;2.5mm for AVF; native artery &gt;2mm; native vein &gt;4mm for synthetic graft
Which of the following describes the importance of TCD monitoring during a carotid endarterectomy?<br><br><b>A:</b> to evaluate the potential complication of vasospasm caused by the development of a subarachnoid hemorrhage during the procedure<br><b>B:</b> to evaluate the presence of embolic events during the surgery to predict the risk of postoperative stroke<br><b>C:</b> to evaluate the presence of associated atherosclerotic intracranial disease<br><b>D:</b> to evaluate the potential complication of the development of a subarachnoid hemorrhage during the procedure	<b>Answer:</b> B. to evaluate the presence of embolic events during the surgery to predict the risk of postoperative stroke<br><br><b>Feedback:</b><br>The exam performed to evaluate the presence of associated atherosclerotic intracranial disease should be done before the<br>surgery is scheduled. TCD monitoring provides monitoring for emboli and can be used to evaluate collateral formation.
"The type of dialysis graft where the cephalic vein is anastomosed to the radial artery is called?<br><br><b>A:</b> Brescia-Cimino graft<br><b>B:</b> straight graft<br><b>C:</b> synthetic loop graft<br><b>D:</b> TIPS graft<br><br><img src=""q74.jpg"" alt=""Question 74 image"">"	<b>Answer:</b> A. Brescia-Cimino graft<br><br><b>Feedback:</b><br>The cephalic vein is anastomosed to the radial artery in a Brescia-Cimino graft. Straight Synthetic graft connects from the radial<br>artery at wrist to the median cubital vein. Looped Synthetic graft connects from the brachial artery to the medical cubital vein.<br>TIPS is a type of shunt used to bypass the liver.
You are performing a follow up exam on a synthetic fem-pop graft that is 2 weeks post-op. The native arteries and graft appear normal on the 2D and color Doppler evaluation. These same segments are evaluated using PW Doppler and monophasic waveforms with mild diastolic flow throughout the cardiac cycle are demonstrated. Which of the following is the most likely reason for the discrepancy in findings?<br><br><b>A:</b> stenosis distal to the graft<br><b>B:</b> mid graft thrombosis<br><b>C:</b> reactive hyperemia<br><b>D:</b> collateral formation	<b>Answer:</b> C. reactive hyperemia<br><br><b>Feedback:</b><br>Reactive hyperemia is the transient increase in blood flow that occurs after a period of ischemia. It commonly occurs following<br>the removal of a tourniquet, unclamping an artery during surgery, bypass graft placement or after vessel recanalization caused<br>by a device or medication. Monophasic flow with increased diastolic flow may still be identified in the first 1-2 months after the<br>procedure due to reactive hyperemia. The body needs time to adjust to the new flow pattern. The waveform should return to a<br>triphasic pattern after 2 months post-op.
Which of the following is a sign of a functioning hemodialysis graft?<br><br><b>A:</b> pain or pallor in the hand<br><b>B:</b> absence of a palpable thrill over the graft<br><b>C:</b> palpable thrill over the graft<br><b>D:</b> presence of a water hammer pulse	<b>Answer:</b> C. palpable thrill over the graft<br><br><b>Feedback:</b><br>An AVG should demonstrate a palpable thrill as blood flow moves through it. Absence of the thrill or a water hammer pulse is<br>indicative of an occluded graft. If the graft becomes stenosed or occluded, the distal forearm and hand could become ischemic.
Where is the most common location of stenosis in a hemodialysis graft?<br><br><b>A:</b> Venous anastomosis and outflow vein<br><b>B:</b> Inflow artery<br><b>C:</b> mid graft, especially if it is a looped graft<br><b>D:</b> Arterial anastomosis and proximal graft	<b>Answer:</b> A. Venous anastomosis and outflow vein<br><br><b>Feedback:</b><br>The venous outflow is the most common location of stenosis in an AVG for dialysis. Because the vein wall is thinner and receives<br>pulsatile arterial flow, the wall is easily damaged. This can lead to repetitive healing and scar tissue formation that causes<br>blockage at the anastomosis.
If a liver transplant patient has an interposition anastomosis, how does this affect your evaluation?<br><br><b>A:</b> the hepatic artery anastomosis will not be able to be visualized because it is located deep within the liver tissue<br><b>B:</b> each hepatic vein is connected to the native IVC separately, so there will be three anastomosis sites in the IVC that must be evaluated<br><b>C:</b> there will be two anastomosis sites in the main portal vein that must be evaluated<br><b>D:</b> there will be two anastomosis sites in the IVC that must be evaluated	<b>Answer:</b> D. there will be two anastomosis sites in the IVC that must be evaluated<br><br><b>Feedback:</b><br>Before beginning the exam, the surgical notes should be reviewed to determine if the patient has a full or partial transplant, a<br>piggyback or interposition anastomosis and note the anastomosis sites for all vasculature.<br>Piggyback - hepatic confluence of transplant liver attached to native IVC; single anastomosis site<br>Interposition - donor IVC segment replaces a segment of the native IVC; two anastomosis sites
__________________ refers to when the carotid artery is lacerated and the atheroma formation is scraped for removal.<br><br><b>A:</b> A valvulotomy procedure<br><b>B:</b> An atherectomy procedure<br><b>C:</b> An endarterectomy procedure<br><b>D:</b> An angioplasty procedure	<b>Answer:</b> C. An endarterectomy procedure<br><br><b>Feedback:</b><br>Atherectomy uses a catheter with a rotating head and suction capabilities to break up the plaque and remove it from the artery.<br>Angioplasty uses a balloon tipped catheter to compress the atheroma and expand the vessel lumen. An endarterectomy refers<br>to when the carotid artery is lacerated, and the atheroma formation is scraped for removal. A valvulotomy procedure is used to<br>remove valves from inside a vein.
A venous thrombectomy procedure is usually reserved for which type of patient?<br><br><b>A:</b> patients with phlegmasia alba dolens and phlegmasia cerulean dolens<br><b>B:</b> patients with an AV malformation<br><b>C:</b> patients with superficial thrombophlebitis<br><b>D:</b> patients with extensive venous reflux	<b>Answer:</b> A. patients with phlegmasia alba dolens and phlegmasia cerulean dolens<br><br><b>Feedback:</b><br>A venous thrombectomy procedure is usually reserved for patients with phlegmasia alba dolens and phlegmasia cerulean.<br>dolens.
What is the name of the vascular device that is placed into the IVC using a catheter?<br><br><b>A:</b> Wall filter<br><b>B:</b> Greenfield filter<br><b>C:</b> Pacemaker<br><b>D:</b> Stent	<b>Answer:</b> B. Greenfield filter<br><br><b>Feedback:</b><br>A Greenfield filter is placed into the IVC to prevent emboli from the legs from reaching the heart and lungs.
"What type of venous graft is demonstrated in the diagram?<br><br><b>A:</b> In vivo<br><b>B:</b> In situ<br><b>C:</b> Reversed<br><b>D:</b> Greenfield<br><br><img src=""q82.jpg"" alt=""Question 82 image"">"	<b>Answer:</b> C. Reversed<br><br><b>Feedback:</b><br>The proximal GSV is connected to the distal SFA and the distal GSV is connected to the proximal SFA. This information in<br>addition to the long scar on the medial thigh indicates a reversed saphenous graft.
"Volume flow calculations are used to assess hemodialysis graft performance. How is volume flow measured?<br><br><b>A:</b> Doppler US cannot provide the volume flow information and the dialysis machine must be used to assess the volume flow through the graft.<br><b>B:</b> Obtain 3-4 Doppler tracings of the inflow artery and trace the waveforms to obtain the volume flow measurements, then average these numbers.<br><b>C:</b> Obtain 3-4 Doppler tracings and average the peak velocity, then use the Bernoulli equation to calculate the volume flow.<br><b>D:</b> Open the sample volume from wall to wall within a normal segment of the graft and trace the waveform.<br><br><img src=""q83.jpg"" alt=""Question 83 image"">"	<b>Answer:</b> D. Open the sample volume from wall to wall within a normal segment of the graft and trace the waveform.<br><br><b>Feedback:</b><br>Volume flow calculations are used to assess hemodialysis graft performance. Open the sample volume from wall to wall within a<br>normal segment of the graft and trace the waveform.
Which of the following lists the correct cuff placement for a segmental pressure exam performed due to suspected Dialysis Access Steal Syndrome?<br><br><b>A:</b> Bilateral upper arm and wrist cuffs, and 2 digit cuffs per hand<br><b>B:</b> Upper arm cuff on the unaffected arm, bilateral wrist cuffs<br><b>C:</b> Upper arm, wrist and thumb cuff only on the affected arm<br><b>D:</b> Upper arm cuff on the unaffected arm, bilateral wrist cuffs, and 2 digit cuffs per hand	<b>Answer:</b> D. Upper arm cuff on the unaffected arm, bilateral wrist cuffs, and 2 digit cuffs per hand<br><br><b>Feedback:</b><br>When a patient has a hemodialysis fistula, extreme care must be taken when considering assessing the blood pressure within<br>the vessels of the arm. A BP cuff should never be placed over the outflow vein at any position on the arm. If the AVF is<br>positioned at the antecubital fossa (or more proximal), then the wrist pressure can be obtained on the affected arm. Digital<br>pressures can also be obtained. The WBI and DBI values can be calculated using the brachial pressure of the unaffected arm.<br>The image below demonstrates cuff positioning for an exam eligible patient.
"Which of the following conditions would benefit from intravascular ultrasound with repair?<br><br><b>A:</b> renal artery stenosis only<br><b>B:</b> cerebral artery aneurysm only<br><b>C:</b> AAA and renal artery stenosis<br><b>D:</b> AAA only<br><br><img src=""q85.jpg"" alt=""Question 85 image"">"	<b>Answer:</b> C. AAA and renal artery stenosis<br><br><b>Feedback:</b><br>Intravascular ultrasound can be used in the repair of aortic aneurysms or renal stenosis
"Which of the following is considered a normal finding in a patient with a brachiobasilic hemodialysis graft?<br><br><b>A:</b> Increased resistance and velocity with a loss of flow in diastole in the brachial artery proximal and distal to the graft<br><b>B:</b> Dilated brachial artery proximal to the graft with low resistance monophasic flow<br><b>C:</b> Triphasic flow in the brachial artery proximal to the graft and monophasic flow in the brachial artery distal to the graft<br><b>D:</b> Continuous flow in the basilic vein proximal and distal to the graft anastomosis<br><br><img src=""q86.jpg"" alt=""Question 86 image"">"	<b>Answer:</b> B. Dilated brachial artery proximal to the graft with low resistance monophasic flow<br><br><b>Feedback:</b><br>The connection between the artery and the vein will cause the resistance in the brachial artery to decrease and become<br>monophasic. The basilic vein will exhibit pulsatile, high velocity venous flow in the area of the graft due to the arterial inflow.
"Which of the following is a normal finding when evaluating a hemodialysis graft?<br><br><b>A:</b> Thrombosis<br><b>B:</b> Arteriovenous fistula<br><b>C:</b> Pseudoaneurysm<br><b>D:</b> Aneurysm<br><br><img src=""q87.jpg"" alt=""Question 87 image"">"	<b>Answer:</b> B. Arteriovenous fistula<br><br><b>Feedback:</b><br>A hemodialysis graft is the surgical creation of an AV fistula (connection of an artery and vein). Complications of a hemodialysis<br>graft include thrombosis of the graft, stenosis/occlusion, aneurysm of the graft, pseudoaneurysm caused by needle puncture<br>for dialysis, CHF due to increased flow in venous return to heart, and distal ischemia.
"Which of the following correctly describes a reversed vein graft?<br><br><b>A:</b> commonly used to correct bilateral iliac stenosis<br><b>B:</b> the patient must wait at least 48 hrs after the valvulotomy procedure is performed to complete the connection of the graft connection<br><b>C:</b> stenosis at the proximal anastomosis is a common complication<br><b>D:</b> there is less scarring with a reversed vein graft procedure than an in-situ graft procedure<br><br><img src=""q88.png"" alt=""Question 88 image"">"	<b>Answer:</b> C. stenosis at the proximal anastomosis is a common complication<br><br><b>Feedback:</b><br>The GSV is removed from the leg and replaced in a reversed position. The smaller distal end of the GSV is attached proximal to<br>the obstruction in the femoral or popliteal vein. For this reason, stenosis of the proximal anastomosis is more common than<br>other complications. The larger proximal end of the GSV is connected distal to the obstruction. Because the GSV is completely<br>removed from the leg, there is more scarring than with an in-situ graft where the GSV remains in its natural position. The<br>reversed vein graft is turned upside down, so the valves stay open due to gravity (no valvulotomy).
A patient presents for a renal transplant evaluation. Which of the following native vessels will be evaluated during the exam?<br><br><b>A:</b> segmental artery<br><b>B:</b> external iliac artery and vein<br><b>C:</b> arcuate arteries<br><b>D:</b> distal renal artery	<b>Answer:</b> B. external iliac artery and vein<br><br><b>Feedback:</b><br>The question asks for native vessels, the external iliac artery and vein are the only native vessels normally evaluated on the<br>exam. The other vessels listed are allograft vessels.
"Image A is_____________________________. Image B is ____________________________.<br><br><b>A:</b> in situ vein graft, reversed vein graft<br><b>B:</b> venous graft, PTFE graft<br><b>C:</b> PTFE graft, venous graft<br><b>D:</b> reversed vein graft, in situ vein graft<br><br><img src=""q90.jpg"" alt=""Question 90 image"">"	<b>Answer:</b> B. venous graft, PTFE graft<br><br><b>Feedback:</b><br>Image A is a venous graft. Note the mild thickening walls of the vein graft and nonuniform diameter. The PTFE graft<br>demonstrates the double linear reflections of the anterior and posterior walls of the graft that represent the double walled<br>structure of the graft. Uniform graft diameter is also a sign of a normal PTFE.
"Arterial flow proximal to an AV fistula will be ________________.<br><br><b>A:</b> phasic<br><b>B:</b> low resistance<br><b>C:</b> laminar<br><b>D:</b> high resistance<br><br><img src=""q91.jpg"" alt=""Question 91 image"">"	<b>Answer:</b> B. low resistance<br><br><b>Feedback:</b><br>Arterial flow proximal to an AV fistula will be low resistance.
Saphenous vein mapping is used to assess the vein for a potential bypass conduit. Which of the following characteristics would still allow the surgeon to use the vein?<br><br><b>A:</b> thrombosis<br><b>B:</b> lumen &lt;2mm<br><b>C:</b> valvular damage<br><b>D:</b> chronic obstruction of the ipsilateral deep system	<b>Answer:</b> C. valvular damage<br><br><b>Feedback:</b><br>Damaged valves are not a contraindication for venous harvesting. Thrombosis and a small lumen &lt;2mm are contraindications<br>for the use of the vein as a graft. If there is chronic obstruction of the deep veins, the saphenous becomes an integral part of the<br>venous drainage system of the leg and cannot be removed for bypass.
"The TIPS procedure is performed to correct what condition?<br><br><b>A:</b> Atherosclerosis<br><b>B:</b> Portal HTN<br><b>C:</b> Pulmonary embolism<br><b>D:</b> AAA<br><br><img src=""q93.jpg"" alt=""Question 93 image"">"	<b>Answer:</b> B. Portal HTN<br><br><b>Feedback:</b><br>A transjugular intrahepatic porto-systemic shunt is used to bypass the liver and relieve portal HTN. The portal system is directly<br>connected to the IJV or Hepatic veins.
A patient presents for evaluation of a hemodialysis graft that was inserted 1 week ago. Which of the following is an expected finding on the exam if the graft has failed?<br><br><b>A:</b> graft thrombosis<br><b>B:</b> arterial stenosis<br><b>C:</b> graft stenosis<br><b>D:</b> myointimal hyperplasia	<b>Answer:</b> A. graft thrombosis<br><br><b>Feedback:</b><br>If the graft was just placed in the arm a week ago, you are looking for an acute cause of failure. The other three choices listed<br>are chronic causes of graft failure.
Which of the following techniques is used to monitor flow during a fem-pop bypass procedure?<br><br><b>A:</b> B mode ultrasound<br><b>B:</b> pulse volume recording<br><b>C:</b> duplex ultrasound<br><b>D:</b> segmental pressures	<b>Answer:</b> C. duplex ultrasound<br><br><b>Feedback:</b><br>Segmental pressures and PVR exams require the use of pressure cuffs that cannot be used during the surgery, AFTER the<br>surgery would be fine. Intraoperative duplex ultrasound can be used during the procedure to assess flow.
Which of the following vascular complications is treated with a fasciotomy?<br><br><b>A:</b> popliteal entrapment<br><b>B:</b> pseudoaneurysm<br><b>C:</b> dissection<br><b>D:</b> anterior compartment syndrome	<b>Answer:</b> D. anterior compartment syndrome<br><br><b>Feedback:</b><br>Blood leaks into the muscle compartment of the calf causing increased pressure. If the fasciotomy is not performed to relieve<br>the pressure, damage to the nerves and tissues can occur.
"Which statement is true regarding the image?<br><br><b>A:</b> There is calcification of the vessels in the vasa vasorum in the arterial wall and the patient should have a TCD exam to evaluate the extent of the disease.<br><b>B:</b> This patient should have an angiogram to confirm the suspected diagnosis of fibromuscular dysplasia.<br><b>C:</b> There is calcification of the vessels in the vasa vasorum in the arterial wall and the patient should have balloon angioplasty.<br><b>D:</b> The patient should be evaluated for neointimal hyperplasia.<br><br><img src=""q97.png"" alt=""Question 97 image"">"	<b>Answer:</b> D. The patient should be evaluated for neointimal hyperplasia.<br><br><b>Feedback:</b><br>The image shows a stent in the carotid artery. Neointimal hyperplasia refers to the overgrowth of normal tissue in response to<br>the endarterectomy and stent/graft placement. This is a common cause of re-stenosis of a vessel that previously underwent<br>interventional treatment.
Which of the following statements is true regarding Doppler flow evaluation of a rejected renal allograft?<br><br><b>A:</b> Rejected allograft waveforms will demonstrate high resistance flow.<br><b>B:</b> Rejected allograft waveforms will demonstrate low resistance flow.<br><b>C:</b> Rejected allograft waveforms will demonstrate low RI and PI values.<br><b>D:</b> Renal allograft waveforms normally demonstrate arterial flow that varies with respiration.	<b>Answer:</b> A. Rejected allograft waveforms will demonstrate high resistance flow.<br><br><b>Feedback:</b><br>Doppler waveforms from arteries in a rejected allograft will demonstrate high resistance flow. The RI values for the<br>parenchymal vessels will be elevated above 0.70.
When evaluating a patient with an aortic endograft, what is the minimum increase in aortic sac size that indicates a possible endoleak?<br><br><b>A:</b> 0.2cm<br><b>B:</b> 0.9cm<br><b>C:</b> 1.5cm<br><b>D:</b> 0.5cm	<b>Answer:</b> D. 0.5cm<br><br><b>Feedback:</b><br>An increase in aortic sac diameter of 0.5cm or greater indicates a possible endoleak.
Which of the following is not a common type of lower extremity graft placement?<br><br><b>A:</b> femoral artery to the femoral artery<br><b>B:</b> popliteal artery to the DPA<br><b>C:</b> femoral artery to the popliteal artery<br><b>D:</b> femoral artery to the PTA	<b>Answer:</b> B. popliteal artery to the DPA<br><br><b>Feedback:</b><br>A Fem-Fem bypass graft indicates connection between two segments of the same femoral artery or between the right and left<br>femoral artery. A Fem-Pop bypass graft connects the femoral artery and popliteal artery in the same leg. A Fem-Tib graft<br>connects the femoral artery and most commonly the tibial artery. A bypass graft could not be connected to the dorsalis pedis<br>artery because of its size and location.<br>Powered by ExamBuilder. Copyright ©2026
