Which of the following correctly describes an IVC aneurysm?<br><br><b>A:</b> Rarely leads to thrombus formation<br><b>B:</b> Commonly associated with blue toe syndrome<br><b>C:</b> Most IVC aneurysms are saccular<br><b>D:</b> Must be associated with interrupted IVC to be considered a true IVC aneurysm	<b>Answer:</b> C. Most IVC aneurysms are saccular<br><br><b>Feedback:</b><br>IVC aneurysms can be saccular or fusiform, but the saccular formation is slightly more common. Aortic aneurysms are more<br>commonly fusiform.
"The images displayed are from an aortic Doppler evaluation on a ER trauma patient. What should you evaluate next?<br><br><b>A:</b> iliac arteries for dissection<br><b>B:</b> iliac veins for thrombus<br><b>C:</b> renal arteries for stenosis<br><b>D:</b> IVC for thrombus<br><br><img src=""q2.png"" alt=""Question 2 image"">"	<b>Answer:</b> A. iliac arteries for dissection<br><br><b>Feedback:</b><br>There is a dissection present in the aorta. You should evaluate the proximal and distal end of the dissection to assess the<br>extent.
Where is the Doppler cursor placed in the aorta to obtain the velocity used in the renal aortic ratio?<br><br><b>A:</b> just below the diaphragm<br><b>B:</b> at the level of the renal artery origins<br><b>C:</b> 2 cm above the aortic bifurcation<br><b>D:</b> at the location of the highest recorded velocity	<b>Answer:</b> B. at the level of the renal artery origins<br><br><b>Feedback:</b><br>The aortic velocity should be obtained at the level of the renal artery origins when evaluating renal arterial flow.
Which of the following procedures can be performed on a patient in renal failure?<br><br><b>A:</b> CT scan with contrast<br><b>B:</b> Angiography<br><b>C:</b> Duplex ultrasound<br><b>D:</b> MRA exam with contrast	<b>Answer:</b> C. Duplex ultrasound<br><br><b>Feedback:</b><br>Renal disease or failure is a contraindication for the use of radiology imaging contrast.
"Which of the following vessels are a common source for a Type II endoleak?<br><br><b>A:</b> common iliac artery and gonadal arteries<br><b>B:</b> inferior mesenteric artery and lumbar arteries<br><b>C:</b> celiac axis and superior mesenteric artery<br><b>D:</b> left gastric artery and right hepatic artery<br><br><img src=""q5.png"" alt=""Question 5 image"">"	<b>Answer:</b> B. inferior mesenteric artery and lumbar arteries<br><br><b>Feedback:</b><br>Type II endoleak : leak at the branch vessels; will see retrograde flow into the aneurysm sac and increase in AAA diameter;<br>inferior mesenteric artery, internal iliac, lumbar arteries and accessory renal arteries are potential sources for the leak
"When evaluating a liver transplant, you must use angle correction during Doppler evaluation of:<br><br><b>A:</b> portal veins only<br><b>B:</b> hepatic arteries and veins<br><b>C:</b> hepatic arteries and portal veins<br><b>D:</b> hepatic arteries only<br><br><img src=""q6.jpg"" alt=""Question 6 image"">"	<b>Answer:</b> C. hepatic arteries and portal veins<br><br><b>Feedback:</b><br>When evaluating the velocity in a vessel using PW Doppler, angle correction must be used to obtain an accurate velocity. All<br>arterial evaluations with Doppler require angle correction. While most veins do not require angle correction because velocity is<br>not evaluated, the portal vein velocity is measured to assess a liver transplant and angle correction is necessary.
"Nutcracker syndrome is defined as:<br><br><b>A:</b> abnormal compression of the celiac axis with respiration<br><b>B:</b> entrapment of the subclavian artery by structures in the shoulder/neck<br><b>C:</b> abnormal compression of the left renal vein by the SMA and aorta<br><b>D:</b> entrapment of the popliteal artery seen most commonly in runners<br><br><img src=""q7.jpg"" alt=""Question 7 image"">"	<b>Answer:</b> C. abnormal compression of the left renal vein by the SMA and aorta<br><br><b>Feedback:</b><br>Nutcracker syndrome is defined as abnormal compression of the left renal vein by the SMA and aorta. It can lead to renal vein<br>congestion and thrombosis.
"The Doppler evaluation displays a waveform from the hepatic artery and the portal vein. Which of the following statements is correct?<br><br><b>A:</b> The tracing is abnormal because vessels should both display hepatopetal flow<br><b>B:</b> The tracing is normal because the flow is in opposing directions<br><b>C:</b> The tracing is abnormal because baseline is inverted incorrectly<br><b>D:</b> The tracing is abnormal because vessels should both display hepatofugal flow<br><br><img src=""q8_1.jpg"" alt=""Question 8 image""><br><br><img src=""q8_2.jpg"" alt=""Question 8 image"">"	<b>Answer:</b> A. The tracing is abnormal because vessels should both display hepatopetal flow<br><br><b>Feedback:</b><br>The hepatic artery and the portal vein both carry blood into the liver (hepatopetal). The attached image demonstrates flow<br>reversal in the portal vein which is a common sign of portal HTN.
A patient with RUQ abdomen pain and bloating is referred to rule out Budd Chiari syndrome. What vessels will be evaluated for this diagnosis?<br><br><b>A:</b> Aorta, SMA and celiac axis<br><b>B:</b> Renal arteries<br><b>C:</b> Hepatic veins<br><b>D:</b> Renal veins	<b>Answer:</b> C. Hepatic veins<br><br><b>Feedback:</b><br>Budd Chiari syndrome refers to chronic obstruction of the hepatic veins. It can be related to thrombus formation and extrinsic<br>compression of the vessels.
"Which of the following can lead to systolic flow reversal in the hepatic veins?<br><br><b>A:</b> portal HTN<br><b>B:</b> IVC thrombus at the level of the renal veins<br><b>C:</b> Budd Chiari Syndrome<br><b>D:</b> significant tricuspid regurgitation<br><br><img src=""q10.jpg"" alt=""Question 10 image"">"	<b>Answer:</b> D. significant tricuspid regurgitation<br><br><b>Feedback:</b><br>Tricuspid regurgitation is blood flow that falls back into the right atrium. It can cause the right atrium to dilate and the chamber<br>pressure to increase. If the pressure in the RA increases, inflow from the IVC (and hepatic veins) will be disrupted and flow<br>reversal in systole can occur.
"Aneurysm formation affects the ____________________________, while atherosclerotic disease affects the _______________________.<br><br><b>A:</b> media and adventitia layers of the vessel wall, intimal layer of the vessel wall<br><b>B:</b> proximal arteries, distal arteries<br><b>C:</b> intimal layer of the vessel wall, media and adventitia layers of the vessel wall<br><b>D:</b> extracranial arteries, intracranial arteries<br><br><img src=""q11.jpg"" alt=""Question 11 image"">"	<b>Answer:</b> A. media and adventitia layers of the vessel wall, intimal layer of the vessel wall<br><br><b>Feedback:</b><br>Aneurysm formation is caused by a breakdown of the media and adventitia layers of the vessel wall. Atherosclerotic disease<br>causes formation of plaque within the intimal layer of the vessel wall. Both disorders can be found in any artery in the body.
A patient presents with splenomegaly and multiple, small, tortuous vessels are visualized in the porta hepatis area of the liver. These vessels most likely represent:<br><br><b>A:</b> Duplicated hepatic artery<br><b>B:</b> Cavernous transformation<br><b>C:</b> Dilated extrahepatic biliary system<br><b>D:</b> Portal aneurysm	<b>Answer:</b> B. Cavernous transformation<br><br><b>Feedback:</b><br>Cavernous transformation of the vessels at the porta hepatis refers to the formation of varices from the increased portal<br>pressure with portal HTN. Accessory veins dilate at the porta hepatis due to the backlog of blood flow. These vessels are small<br>and tortuous. Splenomegaly is another sign of portal HTN and a backlog in the blood flow in the portal system.
A 55yr old with a history of alcoholism, jaundice and cirrhosis is referred for a liver Doppler exam. Which of the following is an expected abnormal finding?<br><br><b>A:</b> respiratory phasicity in portal vein flow<br><b>B:</b> multiphasic flow in the hepatic veins<br><b>C:</b> dilated IVC<br><b>D:</b> increased resistance in the hepatic artery	<b>Answer:</b> D. increased resistance in the hepatic artery<br><br><b>Feedback:</b><br>When an organ has reduced function, it resists the normal amount of blood flow needed. Resistance in the hepatic artery will<br>increase with the increase in resistance to flow in the cirrhotic liver tissue. The coronary vein (AKA left gastric vein) and the<br>umbilical vein will dilate with significant portal HTN. The IVC is not usually affected by isolated cirrhosis. The hepatic vein flow<br>will be multiphasic in the normal patient. Normal portal venous flow demonstrates mild respiratory phasicity.
A tardus parvus waveform is the result of:<br><br><b>A:</b> significant proximal arterial stenosis<br><b>B:</b> partial venous obstruction<br><b>C:</b> distal arterial obstruction<br><b>D:</b> &lt;50% proximal arterial stenosis	<b>Answer:</b> A. significant proximal arterial stenosis<br><br><b>Feedback:</b><br>A tardus parvus waveform is associated with significant stenosis that severely decreases flow through an artery. This waveform<br>is described as low velocity and resistance with a late systolic peak.<br>EXAMPLE OF TARDUS PARVUS WAVEFORM IN RENAL STENOSIS
"A patient is referred for an ultrasound of the aorta due to a history of Ehler-Danlos syndrome. What are you looking for on the exam?<br><br><b>A:</b> Significant soft plaque formation in the distal aorta and proximal iliac arteries<br><b>B:</b> Significant fibrous tissue formation surrounding the distal aorta that is compressing the vessel<br><b>C:</b> Aneurysm<br><b>D:</b> Absence of all anterior branches<br><br><img src=""q15.jpg"" alt=""Question 15 image"">"	<b>Answer:</b> C. Aneurysm<br><br><b>Feedback:</b><br>Ehler-Danlos syndrome is a genetic disorder that negatively affects collagen formation. The reduction in collagen will result in<br>less rigid arteries and increased risk of aneurysm formation.
If a patient complains of a recent onset of uncontrollable systemic HTN with average BP readings exceeding 170/90mmHg, what vascular cause should be suspected?<br><br><b>A:</b> renal artery stenosis<br><b>B:</b> subclavian stenosis<br><b>C:</b> portal HTN<br><b>D:</b> hepatic congestion	<b>Answer:</b> A. renal artery stenosis<br><br><b>Feedback:</b><br>A sudden increase in systemic BP with no response to medication is usually associated with renovascular HTN caused by renal<br>artery stenosis.
Which of the following calculations is necessary to accurately diagnose renovascular HTN?<br><br><b>A:</b> systolic / diastolic ratio<br><b>B:</b> peak pressure gradient<br><b>C:</b> parenchymal index<br><b>D:</b> renal-aortic ratio	<b>Answer:</b> D. renal-aortic ratio<br><br><b>Feedback:</b><br>The renal-aortic ratio compares the velocities in the renal artery with the velocity of the aorta in the mid-segment. &gt;3.5 indicates<br>renal artery stenosis.
"While performing an aortic duplex exam, you identify an intimal flap that begins just below the renal arteries and measures 2.5cm in length. According to the Stanford Classification, this is a _______________________ and the DeBakey Classification calls it a ___________________.<br><br><b>A:</b> Type A dissection, Type III dissection<br><b>B:</b> Type A dissection, Type I dissection<br><b>C:</b> Juxtarenal dissection, Type II dissection<br><b>D:</b> Type B dissection, Type III dissection<br><br><img src=""q18.jpg"" alt=""Question 18 image"">"	<b>Answer:</b> D. Type B dissection, Type III dissection<br><br><b>Feedback:</b><br>Stanford Classification:<br>Type A: dissections that involve the ascending aorta and arch (proximal to the origin of the left subclavian artery)<br>Type B: dissections that involve the aorta from the left subclavian artery to the iliac bifurcation<br>DeBakey Classification:<br>Type I: dissections that involve the ascending and descending aorta (= Stanford A)<br>Type II: dissections that involve only the ascending aorta (= Stanford A)<br>Type III: dissections that involve the descending aorta only, starting after the origin of the left subclavian artery (= Stanford B)
Which renal arteries are evaluated with Doppler in an ultrasound exam that is used to perform a direct evaluation for renal artery stenosis?<br><br><b>A:</b> main renal artery<br><b>B:</b> aorta<br><b>C:</b> segmental and arcuate arteries<br><b>D:</b> main renal artery, segmental and arcuate arteries	<b>Answer:</b> A. main renal artery<br><br><b>Feedback:</b><br>A direct evaluation uses Doppler to evaluate the velocity in the main renal artery segments. The indirect evaluation uses<br>Doppler to evaluate the flow in the segmental/parenchymal arteries. The RI and AT values are assessed and the shape of the<br>waveform is considered in the diagnosis. (not peak velocity) The indirect evaluation looks for signs of stenosis in the main renal<br>artery by looking at the flow in the organ distally.
"The images are from a Doppler evaluation of the kidneys. What do you expect to find when you evaluate the main renal arteries?<br><br><b>A:</b> both renal arteries will demonstrate stenosis<br><b>B:</b> both vessels will demonstrate normal velocities<br><b>C:</b> left renal artery will demonstrate flow velocities &gt;200cm/s and the right renal artery will demonstrate normal velocities<br><b>D:</b> right renal artery will demonstrate flow velocities &gt;200cm/s and the left renal artery will demonstrate normal velocities<br><br><img src=""q20.jpg"" alt=""Question 20 image"">"	<b>Answer:</b> C. left renal artery will demonstrate flow velocities &gt;200cm/s and the right renal artery will demonstrate normal velocities<br><br><b>Feedback:</b><br>The left intrarenal Doppler tracing demonstrates a tardus parvus waveform indicative of proximal renal stenosis. The right<br>intrarenal artery demonstrates normal acceleration and deceleration.<br>Image adapted from P. Karmin, MD. https://www.imagingrealm.com/vascular.html
Which of the following is an indirect sign of an unstable AAA sac with an endoleak?<br><br><b>A:</b> Echolucent areas within the sac<br><b>B:</b> Reduction in aneurysm shape and/or sac size<br><b>C:</b> Absence of pulsatility of the sac<br><b>D:</b> Triphasic flow in the iliac arteries	<b>Answer:</b> A. Echolucent areas within the sac<br><br><b>Feedback:</b><br>Potential signs of an unstable AAA sac:<br>Echolucent areas within the sac - fresh blood leaking out of graft and into sac<br>Changes in aneurysm shape and/or sac size - increase in size and shape changes indicate blood flowing into the sac<br>Increased pulsatility of the sac - the walls of the AAA become thinner as it stretches with fresh blood internally, this causes the<br>sac to pulse more with cardiac contractions.
Which of the following is most suggestive of renal transplant rejection?<br><br><b>A:</b> oliguria<br><b>B:</b> hyperbilirubinemia<br><b>C:</b> urinary frequency and urgency<br><b>D:</b> reduced serum levels of BUN and creatinine	<b>Answer:</b> A. oliguria<br><br><b>Feedback:</b><br>Oliguria or anuria are important clinical indications for renal transplant failure. If the kidney is not producing urine, it is failing.<br>Other signs include elevated BUN and creatinine levels, hematuria and new onset of HTN.
"How do the microbubbles in an ultrasound contrast agent change the image?<br><br><b>A:</b> increase the reflectivity of flowing blood<br><b>B:</b> increase the resistance to flowing blood to make it more visible<br><b>C:</b> increase vasodilation to move the bubbles more quickly so they are visible to ultrasound<br><b>D:</b> microbubbles cannot be used to evaluate arterial flow due to embolism risk<br><br><img src=""q23.jpg"" alt=""Question 23 image"">"	<b>Answer:</b> A. increase the reflectivity of flowing blood<br><br><b>Feedback:</b><br>Microbubbles in an ultrasound contrast agent increase the reflectivity of flowing blood.
Which of the following is not a characteristic of a high-grade stenosis?<br><br><b>A:</b> Laminar flow just distal to the site of stenosis<br><b>B:</b> Spectral broadening just distal to the site of stenosis<br><b>C:</b> Loss of pulsatility of waveform distally<br><b>D:</b> Extremely high velocity signals at the site of stenosis	<b>Answer:</b> A. Laminar flow just distal to the site of stenosis<br><br><b>Feedback:</b><br>
The most common reason for underestimation of arterial stenosis is:<br><br><b>A:</b> insonation of a vein and artery simultaneously<br><b>B:</b> improper sample volume angle<br><b>C:</b> improper sample volume location<br><b>D:</b> insonation of a vein instead of an artery	<b>Answer:</b> C. improper sample volume location<br><br><b>Feedback:</b><br>The most common reason for underestimation of arterial stenosis is improper sample volume location. Anytime stenosis is<br>suspected, the cursor should be walked through the area of stenosis to locate the area of highest velocity. Lack of proper<br>sample placement can cause you to miss the area of highest velocity and therefore underestimate the stenosis.
"Which of the following describes the proper way to measure an abdominal aortic aneurysm?<br><br><b>A:</b> outer wall to inner wall<br><b>B:</b> outer wall to outer wall<br><b>C:</b> inner wall to inner wall<br><b>D:</b> inner wall to outer wall<br><br><img src=""q26.jpg"" alt=""Question 26 image"">"	<b>Answer:</b> B. outer wall to outer wall<br><br><b>Feedback:</b><br>The aorta should be measured from outer wall to outer wall. The AP dimension is considered the most reliable dimension for<br>assessing a possible AAA.
"The image demonstrates a _____________________ aneurysm.<br><br><b>A:</b> Fusiform<br><b>B:</b> Berry<br><b>C:</b> Saccular<br><b>D:</b> Dissecting<br><br><img src=""q27.jpg"" alt=""Question 27 image"">"	<b>Answer:</b> A. Fusiform<br><br><b>Feedback:</b><br>Note the uniform dilatation on the anterior and posterior aspects of the vessel consistent with a fusiform AAA.
Which of the following correctly describes an aortic aneurysm?<br><br><b>A:</b> Patients with a popliteal artery aneurysm rarely have an associated AAA<br><b>B:</b> The AP diameter is considered the most reliable dimension for diagnosis of a AAA<br><b>C:</b> AAA with a diameter of 4.5cm or greater will require surgical intervention<br><b>D:</b> The most common complication of a AAA is thrombus formation in the IVC	<b>Answer:</b> B. The AP diameter is considered the most reliable dimension for diagnosis of a AAA<br><br><b>Feedback:</b><br>The AP diameter is considered the most reliable dimension for diagnosis of a AAA. AAA with a diameter of 5.5cm or greater will<br>require surgical intervention. The most common complication of a AAA is rupture. &gt;60% of patients that have a popliteal artery<br>aneurysm also have a AAA.
Which of the following is NOT a potential acute complication of a liver transplant?<br><br><b>A:</b> portal vein stenosis<br><b>B:</b> portal thrombosis<br><b>C:</b> cirrhosis<br><b>D:</b> hepatic artery thrombosis	<b>Answer:</b> C. cirrhosis<br><br><b>Feedback:</b><br>Cirrhosis is a chronic liver disease. Thrombosis and extrinsic vessel narrowing/compression are acute complications that can<br>occur in a liver transplant.
A patient presents with a script that requests an aortic Doppler evaluation due to Leriche syndrome. What are you looking for on the exam?<br><br><b>A:</b> extensive diffuse atherosclerotic disease causing obstruction of the distal aorta<br><b>B:</b> the formation of multiple aneurysms of the aortic segments<br><b>C:</b> monophasic flow in all segments of the aorta due to coarctation of the aorta in the chest<br><b>D:</b> agenesis of the anterior branches of the aorta	<b>Answer:</b> A. extensive diffuse atherosclerotic disease causing obstruction of the distal aorta<br><br><b>Feedback:</b><br>Leriche syndrome refers to extensive diffuse atherosclerotic disease causing obstruction of the distal aorta and bilateral lower<br>extremity symptoms.
Renal artery stenosis is considered hemodynamically significant when it is greater than ______.<br><br><b>A:</b> 50%<br><b>B:</b> 60%<br><b>C:</b> 70%<br><b>D:</b> 80%	<b>Answer:</b> B. 60%<br><br><b>Feedback:</b><br>Renal artery stenosis is considered hemodynamically significant when it is greater than 60%.
Hemodynamically significant stenosis of the celiac axis is diagnosed with the PSV greater than?<br><br><b>A:</b> 1.8m/s<br><b>B:</b> 2.0m/s<br><b>C:</b> 2.5m/s<br><b>D:</b> 2.75m/s	<b>Answer:</b> B. 2.0m/s<br><br><b>Feedback:</b><br>Hemodynamically significant stenosis of the celiac axis is diagnosed with the PSV greater than 2.0 m/s.
What is caput medusae?<br><br><b>A:</b> lower extremity varicosities on the anterior thigh<br><b>B:</b> tortuous vessels around the umbilicus caused by portal HTN<br><b>C:</b> formation of gastroesophageal varices caused by portal HTN<br><b>D:</b> lower extremity varicosities on the anterior knee	<b>Answer:</b> B. tortuous vessels around the umbilicus caused by portal HTN<br><br><b>Feedback:</b><br>Caput medusae refers to dilated, tortuous vessels around the umbilicus caused by portal HTN. The vessels are visible just<br>beneath the subcutaneous tissue, similar to varicosities in the legs
If a patient has a history of _______________, they have an increased risk for carotid dissection.<br><br><b>A:</b> Marfan syndrome<br><b>B:</b> Raynaud syndrome<br><b>C:</b> Thoracic outlet syndrome<br><b>D:</b> Budd Chiari	<b>Answer:</b> A. Marfan syndrome<br><br><b>Feedback:</b><br>Marfan syndrome is a connective tissue disorder that affects the heart and blood vessels. It is often associated with dilatation<br>and/or aneurysm of the aorta, which can lead to intimal dissection.
"The images below are from a renal artery duplex examination. Review the information on the images and choose the waveform below that is most consistent with the expected waveform for the right renal parenchymal arteries. Image A Image B Image C Image D<br><br><b>A:</b> Image A<br><b>B:</b> Image B<br><b>C:</b> Image C<br><b>D:</b> Image D<br><br><img src=""q35_1.jpg"" alt=""Question 35 image""><br><br><img src=""q35_2.jpg"" alt=""Question 35 image""><br><br><img src=""q35_3.jpg"" alt=""Question 35 image""><br><br><img src=""q35_4.jpg"" alt=""Question 35 image""><br><br><img src=""q35_5.jpg"" alt=""Question 35 image"">"	<b>Answer:</b> B. Image B<br><br><b>Feedback:</b><br>The right renal artery origin demonstrates significant stenosis. The renal parenchymal arteries will demonstrate low velocity<br>flow with slow acceleration and deceleration (tardus parvus).
The type of plaque that carries the greatest risk of embolization is ______________.<br><br><b>A:</b> soft<br><b>B:</b> complex<br><b>C:</b> calcific<br><b>D:</b> soft and complex	<b>Answer:</b> A. soft<br><br><b>Feedback:</b><br>Soft plaque has the greatest risk of embolization due to its composition and decreased adhesive levels. Complex and calcific<br>plaque have become increasingly fibrous and more easily adheres to the vessel wall.
"Which of the following statements is true regarding the Doppler tracing from the renal artery?<br><br><b>A:</b> The renal to aortic ratio is most likely below 3.5<br><b>B:</b> Normal flow pattern and velocity are demonstrated<br><b>C:</b> According to RAS diagnostic criteria, Stenosis &gt; 60% is demonstrated<br><b>D:</b> Normal flow pattern and velocity are demonstrated but an incorrect Doppler angle is used to assess the flow causing aliasing to occur<br><br><img src=""q37.jpg"" alt=""Question 37 image"">"	<b>Answer:</b> C. According to RAS diagnostic criteria, Stenosis &gt; 60% is demonstrated<br><br><b>Feedback:</b><br>Renal artery stenosis &gt; 60% is indicated when the PSV is greater than 2.0m/s and the renal aortic ratio is over 3.5. A 60%<br>stenosis is considered significant and treatment is required. There are no other diagnostic criteria used to stage RAS at 75% and<br>85% stenosis etc.
An abnormal renal-aortic ratio would be a ratio ___________.<br><br><b>A:</b> &lt;3.5<br><b>B:</b> &gt;1.8<br><b>C:</b> &lt;1.8<br><b>D:</b> &gt;3.5	<b>Answer:</b> D. &gt;3.5<br><br><b>Feedback:</b><br>The renal aortic ratio is calculated by dividing the peak renal artery velocity by the peak velocity in the aorta. A value &lt;3.5<br>indicates a normal exam. This ratio means that the blood in the renal arteries is moving 3.5 times faster than the blood in the<br>aorta. Higher ratios mean higher renal artery velocities = stenosis.
"Which of the following describes the most common flow pattern seen in a Type II endoleak?<br><br><b>A:</b> bidirectional<br><b>B:</b> continuous, phasic flow<br><b>C:</b> monophasic, low resistance<br><b>D:</b> monophasic retrograde flow<br><br><img src=""q39.jpg"" alt=""Question 39 image"">"	<b>Answer:</b> A. bidirectional<br><br><b>Feedback:</b><br>Flow within a Type I leak resembles the flow within the graft. Flow in a Type II leak usually demonstrates a bidirectional flow<br>pattern because the Doppler waveform morphology reflects the end source resistance. A single branch vessel entering the sac<br>will demonstrate bidirectional flow.
Which renal arteries are evaluated with Doppler in an ultrasound exam that is used to perform an indirect evaluation for renal artery stenosis?<br><br><b>A:</b> main renal artery<br><b>B:</b> segmental and parenchymal arteries<br><b>C:</b> main renal artery, segmental and parenchymal arteries<br><b>D:</b> aorta	<b>Answer:</b> B. segmental and parenchymal arteries<br><br><b>Feedback:</b><br>A direct evaluation uses Doppler to evaluate the velocity in the main renal artery segments. The indirect evaluation uses<br>Doppler to evaluate the flow in the segmental/parenchymal arteries. The RI and AT values are assessed and the shape of the<br>waveform is considered in the diagnosis. (not peak velocity) The indirect evaluation looks for signs of stenosis in the main renal<br>artery by looking at the flow in the organ distally. The aorta is not a &quot;renal artery&quot;.
"Which of the following is true regarding scrotal varicoceles?<br><br><b>A:</b> usually occurs on left side<br><b>B:</b> strong association with history of cryptorchidism<br><b>C:</b> veins will reduce in size with the Valsalva maneuver<br><b>D:</b> usually occurs bilaterally<br><br><img src=""q41.jpg"" alt=""Question 41 image"">"	<b>Answer:</b> A. usually occurs on left side<br><br><b>Feedback:</b><br>Varicoceles usually form on the left side of the scrotal sac due to the course of the left gonadal vein through the abdomen and<br>the increased risk of compression.<br>Note vessel 11 (left renal vein) travels between the SMA and aorta. Vessel 26 (left gonadal vein) is a tributary of the LRV. If the<br>LRV is compressed as it courses between the SMA and aorta, the LRV can dilate and the left gonadal vein will become engorged.<br>This will then lead to dilatation of the venous drainage at the left testicle causing a varicocele formation.
"The image demonstrates a complication that is most common with what type of carcinoma?<br><br><b>A:</b> Hepatic<br><b>B:</b> Renal<br><b>C:</b> Splenic<br><b>D:</b> Pancreatic<br><br><img src=""q42.jpg"" alt=""Question 42 image"">"	<b>Answer:</b> B. Renal<br><br><b>Feedback:</b><br>Renal carcinoma has been shown to infiltrate the renal vein and IVC causing mass and thrombus formation within. It is the most<br>common type of tumor with IVC/renal vein invasion.
Which of the following is least likely to be associated with renal artery stenosis?<br><br><b>A:</b> Scleroderma<br><b>B:</b> Fibromuscular dysplasia<br><b>C:</b> CREST syndrome<br><b>D:</b> May Thurner syndrome	<b>Answer:</b> D. May Thurner syndrome<br><br><b>Feedback:</b><br>May Thurner syndrome involves the compression of the left common iliac vein against the lumbar vertebrae by the overlying<br>right common iliac artery which leads to thrombosis.<br>Scleroderma and CREST syndrome involve systemic sclerosis of multiple vessels.<br>Fibromuscular dysplasia is also associated with stenosis of the renal arteries.
"Median arcuate ligament syndrome involves compression of which vessel during respiration?<br><br><b>A:</b> superior mesenteric artery<br><b>B:</b> main portal vein<br><b>C:</b> inferior mesenteric artery<br><b>D:</b> celiac axis<br><br><img src=""q44.jpg"" alt=""Question 44 image"">"	<b>Answer:</b> D. celiac axis<br><br><b>Feedback:</b><br>The median arcuate ligament connects the right and left crura of the diaphragm across the anterior proximal abdominal aorta.<br>The celiac axis origin is very close to the diaphragm and in some patients the median arcuate ligament crosses anterior to the<br>celiac origin. Median arcuate ligament syndrome is caused by the ligament compressing the celiac axis with respiration. The<br>aorta and branches move superiorly upon expiration. If the median arcuate ligament is compressing the celiac axis, symptoms<br>will be emphasized upon expiration.
"When measuring the AP diameter of the true lumen of the aneurysm, where should the caliper be placed at the anterior edge? Use your mouse to position the cursor at the correct caliper location and click to set your cursor.<br><br><img src=""q45.png"" alt=""Question 45 image"">"	<b>Answer:</b> Unavailable<br><br><b>Feedback:</b><br>The AP measurement of the aorta is obtained where the US beam is most perpendicular to the vessel wall. The aorta should be<br>measured from outer wall to outer wall. When thrombus accumulates in an aneurysm, the true lumen diameter should also be<br>reported. The internal dimensions of the lumen are recorded and Doppler evaluation should be performed to document flow<br>through the lumen.
Flow distal to a significant stenosis will exhibit which of the following characteristics?<br><br><b>A:</b> higher resistance flow<br><b>B:</b> lower resistance flow<br><b>C:</b> increased velocity<br><b>D:</b> increased resistive index	<b>Answer:</b> B. lower resistance flow<br><br><b>Feedback:</b><br>Flow distal to a significant stenosis will demonstrate reduced velocity and resistance.
"Which of the following is a potential cause for the Doppler findings?<br><br><b>A:</b> congestive heart failure or severe tricuspid regurgitation<br><b>B:</b> aortic coarctation or abdominal aortic aneurysm<br><b>C:</b> mitral regurgitation or tachycardia<br><b>D:</b> mitral stenosis or premature ventricular contractions<br><br><img src=""q47.jpg"" alt=""Question 47 image"">"	<b>Answer:</b> A. congestive heart failure or severe tricuspid regurgitation<br><br><b>Feedback:</b><br>Anything that causes IVC congestion and dilatation will affect flow in the hepatic veins. CHF, cardiomyopathy, severe tricuspid<br>regurgitation or stenosis, and hepatic congestion can cause these changes to the hepatic and portal venous flow patterns. If<br>hepatic vein flow into the IVC is reduced due to IVC dilatation, the amount and velocity of retrograde systolic flow will increase.<br>Note the majority of the flow is retrograde on the hepatic vein tracing. If hepatic congestion occurs, the portal flow will be<br>affected. Flow in the portal vein becomes biphasic with hepatic congestion. The other answer choices either have no effect or<br>little effect on the right heart circulation/venous flow pattern.
The resistive index of the renal parenchymal arteries in cases of main renal artery stenosis will _________________ and the resistive index of the renal parenchymal arteries in cases of renal parenchymal disease will _________________<br><br><b>A:</b> increase, remain normal<br><b>B:</b> increase, decrease<br><b>C:</b> remain normal, decrease<br><b>D:</b> decrease, increase	<b>Answer:</b> D. decrease, increase<br><br><b>Feedback:</b><br>The resistive index of the renal parenchymal arteries in cases of main renal artery stenosis will decrease to below 0.5. The<br>resistance distal to a significant stenosis decreases and a tardus parvus waveform is possible. The resistive index of the renal<br>parenchymal arteries in cases of renal parenchymal disease will increase. As the ability of the kidney to function decreases, it<br>accepts less blood volume for filtration. The parenchymal resistance to flow increases and the resistive index value rises above<br>0.7.
"Which of the following correctly describes the image?<br><br><b>A:</b> The Doppler tracing obtained from the segmental artery will provide inaccurate velocity measurements.<br><b>B:</b> The Doppler tracing obtained from the interlobar artery will provide inaccurate velocity measurements.<br><b>C:</b> The Doppler tracing of the interlobar artery demonstrates normal flow and accurate velocity measurements can be obtained.<br><b>D:</b> The Doppler tracing of the segmental artery demonstrates normal flow and accurate velocity measurements can be obtained.<br><br><img src=""q49_1.jpg"" alt=""Question 49 image""><br><br><img src=""q49_2.jpg"" alt=""Question 49 image"">"	<b>Answer:</b> A. The Doppler tracing obtained from the segmental artery will provide inaccurate velocity measurements.<br><br><b>Feedback:</b><br>The Doppler cursor is placed in the segmental artery of the kidney. Because no angle correction was used, the velocity<br>information will produce inaccurate information on flow velocity.
All of the following terms refer to the areas of flow separation seen distal to a stenosis, except:<br><br><b>A:</b> autoregulation<br><b>B:</b> eddy currents<br><b>C:</b> flow vortices<br><b>D:</b> post stenotic turbulence	<b>Answer:</b> A. autoregulation<br><br><b>Feedback:</b><br>Eddy currents are also known as flow vortices. These areas of flow separation are seen with post-stenotic turbulence.
"This Doppler tracing taken from a branch of the aorta demonstrates:<br><br><b>A:</b> Normal celiac flow with top normal PSV<br><b>B:</b> Hemodynamically significant stenosis of the right renal artery<br><b>C:</b> Hemodynamically significant stenosis of the left renal artery<br><b>D:</b> Critical stenosis of the celiac axis<br><br><img src=""q51.jpg"" alt=""Question 51 image"">"	<b>Answer:</b> D. Critical stenosis of the celiac axis<br><br><b>Feedback:</b><br>Note the spectral broadening, increased PSV over 5 m/s (&lt;2.0 NL) and increased diastolic flow. These Doppler characteristics<br>should lead to a diagnosis of hemodynamically significant stenosis of the celiac artery. The renal arteries would not normally be<br>evaluated with Doppler in the longitudinal view of the aorta. They also would not originate from the anterior aorta.
The renal-aortic ratio is invalid in patients with:<br><br><b>A:</b> diabetes<br><b>B:</b> medullary sponge kidney<br><b>C:</b> abdominal aortic aneurysm<br><b>D:</b> renal vein thrombosis	<b>Answer:</b> C. abdominal aortic aneurysm<br><br><b>Feedback:</b><br>The flow velocity in the aorta will be decreased with the presence of a AAA. A lower aortic velocity will abnormally elevate the<br>RAR.
"The images demonstrated are from a mesenteric Doppler exam. The patient was NPO for the exam. The IMA was also evaluated and demonstrated a monophasic, high resistance waveform with a peak velocity of 150cm/s. What do these findings indicate?<br><br><b>A:</b> Normal exam<br><b>B:</b> Normal SMA and IMA flow but a tardus parvus waveform is identified in the celiac axis.<br><b>C:</b> SMA stenosis<br><b>D:</b> Mesenteric ischemia<br><br><img src=""q53.jpg"" alt=""Question 53 image"">"	<b>Answer:</b> C. SMA stenosis<br><br><b>Feedback:</b><br>Mesenteric ischemia requires stenosis or occlusion of at least two of the mesenteric arteries. (Celiac, SMA, or IMA) Only SMA<br>stenosis is present. The other velocities are normal for the IMA and celiac.
"The majority of abdominal aortic aneurysms form in what part of the vessel?<br><br><b>A:</b> Arch<br><b>B:</b> Juxtarenal<br><b>C:</b> Suprarenal<br><b>D:</b> Infrarenal<br><br><img src=""q54.jpg"" alt=""Question 54 image"">"	<b>Answer:</b> D. Infrarenal<br><br><b>Feedback:</b><br>Pararenal, juxtarenal and suprarenal AAA can cause serious complications related to blood flow to the kidneys and renal<br>induced HTN. These types of AAA are considered a critical finding at any size. Infra renal AAA formation is the most common<br>AAA location. Fortunately this type of AAA can be monitored over time until it reaches 5.5-6cm in size when surgical intervention<br>is necessary.
Anemia will _______________ blood flow velocities detected on Doppler evaluation.<br><br><b>A:</b> decrease<br><b>B:</b> have no effect on venous<br><b>C:</b> have no effect on arterial<br><b>D:</b> increase	<b>Answer:</b> D. increase<br><br><b>Feedback:</b><br>Anemia indicates thinner blood with reduced viscosity that would move more quickly in all blood vessels.
Which type of aortic aneurysm is associated with an infection of the arterial wall?<br><br><b>A:</b> Ectatic<br><b>B:</b> Mycotic<br><b>C:</b> Saccular<br><b>D:</b> Berry	<b>Answer:</b> B. Mycotic<br><br><b>Feedback:</b><br>A mycotic aneurysm is caused by infection of the arterial wall which weakens it and allows aneurysm formation.
A damped waveform with low velocity turbulent systolic flow will be found:<br><br><b>A:</b> in a normal PTA tracing<br><b>B:</b> proximal to a significant stenosis<br><b>C:</b> distal to a significant stenosis<br><b>D:</b> at the stenosis site	<b>Answer:</b> C. distal to a significant stenosis<br><br><b>Feedback:</b><br>Distal to the site of stenosis, the blood flow will be lower velocity than at the stenosis. Turbulence will also cause spectral<br>broadening.
Hemodynamically significant stenosis of the SMA is diagnosed when the peak systolic velocity is greater than?<br><br><b>A:</b> 1.0 m/s<br><b>B:</b> 1.75 m/s<br><b>C:</b> 2.0 m/s<br><b>D:</b> 2.75 m/s	<b>Answer:</b> D. 2.75 m/s<br><br><b>Feedback:</b><br>Hemodynamically significant stenosis of the SMA is diagnosed with the PSV greater than 2.75 m/s.
Which of the following indicates a significant SMA stenosis?<br><br><b>A:</b> pain in the abdomen when hungry that is relieved by eating/digestion<br><b>B:</b> dilated inferior mesenteric artery that is easily visualized sonographically<br><b>C:</b> PSV &gt;200cm/s<br><b>D:</b> mesenteric - aortic ratio &gt; 2.0	<b>Answer:</b> B. dilated inferior mesenteric artery that is easily visualized sonographically<br><br><b>Feedback:</b><br>The IMA is usually very tough to find in most patients with ultrasound. If the artery is visible and easily evaluated, it usually<br>means it is dilated due to compensatory flow related to an SMA stenosis. Increased flow is being passed to the IMA due to the<br>obstruction in the SMA. A PSV greater than 2.75cm/s indicates significant stenosis. If the mesenteric - aortic ratio exceeds 3.0, a<br>significant stenosis is present. SMA disease causes pain after eating due to inadequate blood supply caused by the stenosis.
Why is aspirin prescribed for patients with atherosclerotic arterial disease?<br><br><b>A:</b> to increase platelet production<br><b>B:</b> to increase blood volume in the venous system<br><b>C:</b> to reduce blood viscosity<br><b>D:</b> to increase hemoglobin levels	<b>Answer:</b> C. to reduce blood viscosity<br><br><b>Feedback:</b><br>Aspirin reduces the risk of thrombus formation by inhibiting platelet aggregation. It thins the blood and allows it to move more<br>freely through a narrowed vessel.
When scanning a patient with a history of renal cell carcinoma, you identify a hypoechoic mass within the IVC lumen near the renal veins. What is the best way to determine if this is tumor invasion or thrombus formation?<br><br><b>A:</b> Apply color Doppler to assess internal vascularity of the mass.<br><b>B:</b> Evaluate the iliac veins for thrombosis.<br><b>C:</b> Evaluate the aorta for tumor invasion.<br><b>D:</b> Roll the patient into the decubitus position to evaluate the possible mobility of the mass.	<b>Answer:</b> A. Apply color Doppler to assess internal vascularity of the mass.<br><br><b>Feedback:</b><br>The mass should be evaluated for internal vascularity that would indicate tumor invasion. If there is not internal vascularity, the<br>obstruction is most likely a thrombus. The iliac veins should be evaluated if the mass causes IVC obstruction, but the question<br>refers to mass characterization.
"Which of the following statements correctly describes the image of the aorta?<br><br><b>A:</b> The AAA shown requires immediate treatment due to its location proximal to the renal arteries.<br><b>B:</b> The total AP dimension of the AAA size is the distance between the actual vessel walls.<br><b>C:</b> Embolism formation has occurred in the area of dilatation due to swirling and stasis of blood.<br><b>D:</b> The true lumen is the distance between the actual vessel walls.<br><br><img src=""q62_1.jpg"" alt=""Question 62 image""><br><br><img src=""q62_2.jpg"" alt=""Question 62 image"">"	<b>Answer:</b> B. The total AP dimension of the AAA size is the distance between the actual vessel walls.<br><br><b>Feedback:</b><br>It is important to measure the AAA size and the actual lumen size, if thrombus accumulation is present within the AAA. The true<br>lumen is the anechoic space in the middle of the vessel. The total AP dimension of the AAA size is the distance between the<br>actual vessel walls. The AAA demonstrates thrombus accumulation along the walls. An embolism is a moving thrombus that gets<br>trapped in a distal smaller vessel. Embolisms are very rarely seen travelling in a vessel.
Which of the following correctly describes the symptoms associated with median arcuate ligament syndrome?<br><br><b>A:</b> abdominal pain that is relieved by deep inspiration<br><b>B:</b> abdominal pain that is relieved by eating a fatty meal<br><b>C:</b> calf pain relieved by stretching the calf muscles<br><b>D:</b> groin pain that is relieved by placing the legs in the dependent position	<b>Answer:</b> A. abdominal pain that is relieved by deep inspiration<br><br><b>Feedback:</b><br>The median arcuate ligament compresses the celiac axis on expiration. When the diaphragm moves cephalad, the artery is<br>pinched and abdominal symptoms occur. When the patient inhales, the diaphragm moves caudal and symptoms are relieved.
Which of the following sonographic characteristics is most suggestive of renal vein thrombosis?<br><br><b>A:</b> reduced diastolic flow in the renal arteries<br><b>B:</b> prominent flow in the segmental and intralobar arteries<br><b>C:</b> turbulent venous flow within the kidney<br><b>D:</b> low resistance flow in the intrarenal arteries	<b>Answer:</b> A. reduced diastolic flow in the renal arteries<br><br><b>Feedback:</b><br>Renal vein thrombosis will demonstrate increased kidney size, hypoechoic renal cortex, decreased corticomedullary<br>differentiation, mottled echogenicity, dilated renal vein and no intrarenal venous flow, and increased resistance in renal<br>arteries. Diastolic flow is reduced in the segmental and intralobular arteries due to increased parenchymal resistance. The<br>parenchymal RI will be &gt;0.7.
Which of the following is an autosomal dominant disorder that can lead to arteriovenous malformation in the liver?<br><br><b>A:</b> Klippel–Trenaunay syndrome<br><b>B:</b> Hereditary Hemorrhagic Telangiectasia<br><b>C:</b> May Thurner syndrome<br><b>D:</b> Paget Schroetter syndrome	<b>Answer:</b> B. Hereditary Hemorrhagic Telangiectasia<br><br><b>Feedback:</b><br>Hereditary Hemorrhagic Telangiectasia, AKA Osler-Weber-Rendu syndrome, is an autosomal dominant disorder that affects the<br>vasculature of multiple organs. It is characterized by multiple arteriovenous malformations (AVMs). Most commonly the AVMs<br>are superficially located in the skin, but can also occur in pulmonary, cerebral, GI tract, and liver vasculature. Contrast<br>echocardiography can be used to diagnose a suspected pulmonary AVM. Ultrasound is most helpful in evaluating liver AVMs.<br>The malformations can be arteriovenous or portovenous. Ultrasound evaluation can demonstrate signs of portal HTN due to<br>increased portal flow and increased resistance in the hepatic arterial flow with abnormal arterial connections. The disorder can<br>cause mesenteric angina from the steal phenomenon .
"What effect will the findings on the image have on the Doppler tracings obtained in the iliac veins?<br><br><b>A:</b> Both iliac veins will demonstrate continuous flow<br><b>B:</b> Both iliac veins will demonstrate pulsatile flow<br><b>C:</b> Both iliac veins will demonstrate phasic flow<br><b>D:</b> Both iliac veins will demonstrate normal flow patterns due to the extensive venous network in the abdomen that allows for multiple collateral pathways<br><br><img src=""q66.jpg"" alt=""Question 66 image"">"	<b>Answer:</b> A. Both iliac veins will demonstrate continuous flow<br><br><b>Feedback:</b><br>Renal carcinoma has been shown to infiltrate the renal vein and IVC causing mass and thrombus formation within. It is the most<br>common type of tumor with IVC/renal vein invasion. Obstruction of the IVC will cause flow in the iliacs to become continuous.<br>Continuous flow in an extremity vein typically indicates a proximal obstruction is present.
"Congestive heart failure causes increased pulsatility in the:<br><br><b>A:</b> renal arteries and veins<br><b>B:</b> bilateral superficial femoral arteries<br><b>C:</b> bilateral carotid arteries<br><b>D:</b> iliac veins and portal veins<br><br><img src=""q67.jpg"" alt=""Question 67 image"">"	<b>Answer:</b> D. iliac veins and portal veins<br><br><b>Feedback:</b><br>CHF causes reduced cardiac output and a backlog if flow in the venous system. The systemic and portal venous system can<br>demonstrate increased pulsatility with CHF. The decreased cardiac output can reduce pulsatility in the distal arterial system.
An aortic dissection most commonly originates:<br><br><b>A:</b> in the descending thoracic aorta, just distal to the origin of the left subclavian artery<br><b>B:</b> in the infrarenal descending aorta<br><b>C:</b> in the aortic isthmus<br><b>D:</b> in the ascending aorta	<b>Answer:</b> D. in the ascending aorta<br><br><b>Feedback:</b><br>Aortic dissection most commonly occurs in the ascending aorta. The descending thoracic aorta, just distal to the origin of the<br>left subclavian artery is the second most common site for dissection.
"Budd Chiari syndrome refers to acute or chronic obstruction of which vessel(s)?<br><br><b>A:</b> Splenic veins<br><b>B:</b> Hepatic artery<br><b>C:</b> Hepatic veins<br><b>D:</b> Splenic artery<br><br><img src=""q69.jpg"" alt=""Question 69 image"">"	<b>Answer:</b> C. Hepatic veins<br><br><b>Feedback:</b><br>Obstruction of hepatic veins by thrombus or tumor is referred to as Budd Chiari syndrome. It can lead to symptoms and<br>complications such as hepatic congestion, hepatomegaly, ascites, RUQ pain and jaundice. The image below demonstrates<br>thrombus within the hepatic veins and no flow is detected by color Doppler.
"Blue Toe Syndrome is a complication typically seen with which of the following?<br><br><b>A:</b> Abdominal aortic aneurysm<br><b>B:</b> Deep venous thrombosis<br><b>C:</b> Thoracic outlet syndrome<br><b>D:</b> Raynaud Phenomenon<br><br><img src=""q70.jpg"" alt=""Question 70 image"">"	<b>Answer:</b> A. Abdominal aortic aneurysm<br><br><b>Feedback:</b><br>Blue toe syndrome is caused by emboli reaching the small digital arteries and causing obstruction/ischemia. The ischemic toe<br>tissue becomes discolored and cyanotic in appearance. AAA formation usually leads to thrombus accumulation in the affected<br>area of the vessel. This thrombus poses a risk of emboli formation and distal ischemia.
The Bernoulli principle explains the:<br><br><b>A:</b> increase in pressure seen with increased blood flow velocity<br><b>B:</b> decrease in pressure seen with increased blood flow velocity<br><b>C:</b> decrease in resistance seen with increased blood flow velocity<br><b>D:</b> decrease in pressure seen with decreased blood flow velocity	<b>Answer:</b> B. decrease in pressure seen with increased blood flow velocity<br><br><b>Feedback:</b><br>The Bernoulli principle explains the decrease in pressure seen with increased blood flow velocity.
Which of the following is a Doppler indication of acute renal vein thrombosis?<br><br><b>A:</b> resistive index &gt;0.7 in the cortex<br><b>B:</b> enlarged kidney<br><b>C:</b> increased diastolic flow D d d ti l i t<br><b>D:</b> decreased cortical resistance	<b>Answer:</b> A. resistive index &gt;0.7 in the cortex<br><br><b>Feedback:</b><br>Acute renal vein thrombosis will lead to increased resistance in the arcuate arteries with an RI value &gt;0.7 due to the obstructed<br>outflow. The kidney will enlarge but this is a 2D finding.
"Which of the following is true regarding the Doppler tracing of the SMA?<br><br><b>A:</b> normal SMA flow pattern pre-prandially<br><b>B:</b> normal SMA flow pattern post-prandially<br><b>C:</b> SMA stenosis<br><b>D:</b> There is a pseudoaneurysm of the SMA causing very turbulent flow.<br><br><img src=""q73.jpg"" alt=""Question 73 image"">"	<b>Answer:</b> C. SMA stenosis<br><br><b>Feedback:</b><br>The peak velocity of the flow is over 2.75m/s and there is a high level of diastolic flow which indicates a stenosis greater than<br>75%.
What term refers to the phenomenon of a PW Doppler tracing displaying a wider distribution of the velocity of blood cells with varying degrees of arterial blockage?<br><br><b>A:</b> Turbulence<br><b>B:</b> Occlusion<br><b>C:</b> Laminar flow<br><b>D:</b> Spectral broadening	<b>Answer:</b> D. Spectral broadening<br><br><b>Feedback:</b><br>Spectral broadening refers to PW Doppler tracing displaying a wider distribution of the velocity of blood cells with varying<br>degrees of arterial blockage. Laminar flow refers to the slight difference in speed in the layers of blood within a vessel. An<br>occlusion would not demonstrate any blood velocity on a PW Doppler tracing. Turbulence refers to the disruption of laminar<br>flow causing eddy currents within the vessel. Turbulence is displayed as spectral broadening on a PW Doppler tracing.
According to the Bernoulli Principle, where will you find the lowest pressure in a vessel with stenosis?<br><br><b>A:</b> distal to the stenosis<br><b>B:</b> in the collateral vessels<br><b>C:</b> at the site of stenosis<br><b>D:</b> proximal to the stenosis	<b>Answer:</b> C. at the site of stenosis<br><br><b>Feedback:</b><br>Pressure is lowest at the stenotic site which causes an increased pressure gradient from proximal to the stenosis to the stenosis<br>site. This increased gradient leads to increased velocity of flow across the stenotic site.
An aortic aneurysm is diagnosed when the diameter of the aorta exceeds ___________ and a popliteal aneurysm is diagnosed when the diameter of the popliteal artery exceeds _______.<br><br><b>A:</b> 3.5cm, 1cm<br><b>B:</b> 3cm, 1cm<br><b>C:</b> 3cm, 3cm<br><b>D:</b> 3.5cm, 2cm	<b>Answer:</b> B. 3cm, 1cm<br><br><b>Feedback:</b><br>An aortic aneurysm is diagnosed when the diameter of the aorta exceeds 3cm and a popliteal aneurysm is diagnosed when the<br>diameter of the popliteal artery exceeds 1cm.
The Doppler tracing of the flow in a vessel just distal to a stenosis will demonstrate _____________ than at the stenosis.<br><br><b>A:</b> more laminar flow<br><b>B:</b> greater bandwidth<br><b>C:</b> greater resistance<br><b>D:</b> greater Doppler shift	<b>Answer:</b> B. greater bandwidth<br><br><b>Feedback:</b><br>Turbulence will cause a large range of different velocities (frequency shifts). The increased bandwidth is displayed as spectral<br>broadening and irregular waveform contour(post stenotic turbulence).
According to the Bernoulli principle, the velocity increases at an area of stenosis. What happens to the pressure at the site of stenosis?<br><br><b>A:</b> increases<br><b>B:</b> it increases exponentially<br><b>C:</b> decreases<br><b>D:</b> remains constant	<b>Answer:</b> C. decreases<br><br><b>Feedback:</b><br>The pressure proximal to the stenosis is very high. The pressure at the stenosis is very low causing an increased pressure<br>gradient between the two sites. The higher the pressure gradient, the higher the velocity.
"Which of the following is a congenital vascular abnormality that commonly causes decreased ankle pressures bilaterally?<br><br><b>A:</b> Coarctation of the aorta<br><b>B:</b> Budd Chiari Syndrome<br><b>C:</b> Thoracic Outlet Syndrome<br><b>D:</b> Congestive heart failure<br><br><img src=""q79.jpg"" alt=""Question 79 image"">"	<b>Answer:</b> A. Coarctation of the aorta<br><br><b>Feedback:</b><br>Coarctation causes a ridge of tissue that blocks flow, usually in the descending aorta just distal to the origin of the left<br>subclavian artery. This causes lower resistance, monophasic flow with increased antegrade diastolic flow in the aortic segments<br>distal to the obstruction. Brachial pressures will be normal, but the bilateral ankle pressures will be decreased due to the lower<br>resistance flow and reduced flow volume reaching the ankles.
"What is the parenchymal resistance ratio for the tracing displayed?<br><br><b>A:</b> 30<br><b>B:</b> 0.17<br><b>C:</b> 6<br><b>D:</b> 0.06<br><br><img src=""q80_1.jpg"" alt=""Question 80 image""><br><br><img src=""q80_2.jpg"" alt=""Question 80 image"">"	<b>Answer:</b> B. 0.17<br><br><b>Feedback:</b><br>Parenchymal Resistance Ratio or End Diastolic Ratio is used to assess parenchymal resistance in renal transplant cases. PRR<br>&lt;0.2 indicates increased resistance and possible rejection. PRR = EDV / PSV = 6 / 36 = 0.17
"Longitudinal images are presented of the anterior abdomen just superior to the umbilicus. What is the most common cause of the abnormality seen on the images?<br><br><b>A:</b> portal HTN<br><b>B:</b> polycythemia vera<br><b>C:</b> malignant HTN<br><b>D:</b> pulmonary HTN<br><br><img src=""q81.jpg"" alt=""Question 81 image"">"	<b>Answer:</b> A. portal HTN<br><br><b>Feedback:</b><br>A patent umbilical vein is identified on the images. Severe portal HTN will cause the umbilical vein to recanalize, allowing<br>retrograde filling to occur within the vessel.
You are performing a renal artery Doppler exam for renal stenosis. The mid aortic peak velocity is 70cm/s. The RRA peak velocity is 140cm/s and the LRA peak velocity is 240cm/s. What is the RAR for the right kidney?<br><br><b>A:</b> 2<br><b>B:</b> 0.5<br><b>C:</b> 3.4<br><b>D:</b> 0.3	<b>Answer:</b> A. 2<br><br><b>Feedback:</b><br>RRA 140cm/s / aorta 70cm/s = 2; LRA 240cm/s / aorta 70cm/s = 3.4
"Where should the second caliper be placed to measure the acceleration time of the renal artery waveform? Use your mouse to position the cursor and click to set your answer.<br><br><img src=""q83.png"" alt=""Question 83 image"">"	<b>Answer:</b> Unavailable<br><br><b>Feedback:</b><br>Normal renal artery waveforms demonstrate an early systolic peak. When measuring the AT, the first caliper is placed at the<br>start of systole and the second caliper is placed at the top of the early systolic peak. When measuring the resistive index, the<br>first caliper is placed at the true peak systolic velocity and the second caliper is placed at the peak end diastolic velocity.
The most common site for renal artery stenosis is:<br><br><b>A:</b> in the segmental artery of the upper pole<br><b>B:</b> in the segmental artery of the lower pole<br><b>C:</b> at the origin of the renal artery<br><b>D:</b> at the renal hilum	<b>Answer:</b> C. at the origin of the renal artery<br><br><b>Feedback:</b><br>The most common site for renal artery stenosis is at the renal artery origin.
"When measuring the AP diameter of the aortic aneurysm, where should the caliper be placed at the anterior wall? Use your mouse to position the cursor at the correct caliper location and click to set your cursor.<br><br><img src=""q85.png"" alt=""Question 85 image"">"	<b>Answer:</b> Unavailable<br><br><b>Feedback:</b><br>The AP measurement of the aorta is obtained where the US beam is most perpendicular to the vessel wall. The aorta should be<br>measured from outer wall to outer wall.
Which of the following terms would be used to describe flow within an abdominal aortic aneurysm?<br><br><b>A:</b> plug flow<br><b>B:</b> non-laminar flow<br><b>C:</b> triphasic flow<br><b>D:</b> high resistance flow	<b>Answer:</b> B. non-laminar flow<br><br><b>Feedback:</b><br>Flow within the AAA will be decreased in resistance and turbulent due to the swirling effect in the enlarged segment. Normal<br>aortic flow is called plug flow because the majority of the blood moves at the same velocity. Flow in a AAA would be of many<br>different velocities and is considered non-laminar.
Which of the following vessels will be abnormally dilated with significant portal HTN?<br><br><b>A:</b> main portal vein and hepatic veins<br><b>B:</b> hepatic veins only<br><b>C:</b> left gastric vein and hepatic veins<br><b>D:</b> main portal vein and left gastric vein	<b>Answer:</b> D. main portal vein and left gastric vein<br><br><b>Feedback:</b><br>The left gastric vein (AKA coronary vein) dilates with significant portal HTN It normally drains into the splenic vein near the portal<br>confluence and is best evaluated in sagittal plane near porta hepatis. A dilated, patent umbilical vein is also a sign of significant<br>portal HTN. It is best evaluated in the sagittal plane to the left of midline at the level of the ligamentum teres. It acts as a<br>reservoir for portal blood with nowhere to go.
"Which of the following statements is true regarding the Doppler evaluation of the liver vasculature displayed?<br><br><b>A:</b> The hepatic artery and portal vein are demonstrated with normal flow directions.<br><b>B:</b> The hepatic artery is hepatopetal and the portal vein is hepatofugal.<br><b>C:</b> The hepatic artery is hepatofugal and the portal vein is hepatopetal.<br><b>D:</b> The portal vein flow is normal but the hepatic artery demonstrates increased resistance<br><br><img src=""q88.jpg"" alt=""Question 88 image"">"	<b>Answer:</b> B. The hepatic artery is hepatopetal and the portal vein is hepatofugal.<br><br><b>Feedback:</b><br>Hepatopetal = flow toward the liver; Hepatofugal = flow away from the liver; The hepatic artery and portal vein are both<br>normally hepatopetal. The image displays ABNORMAL flow direction in the portal vein caused by portal HTN.
A patient complains of bilateral pain and color changes in the legs. When he lies down, both legs become pale. When he sits up on the edge of the bed, both legs become reddened. These clinical findings are most suggestive of:<br><br><b>A:</b> significant venous obstruction<br><b>B:</b> deep venous reflux<br><b>C:</b> normal arterial flow<br><b>D:</b> significant aortic stenosis	<b>Answer:</b> D. significant aortic stenosis<br><br><b>Feedback:</b><br>Pallor and dependent rubor are indications of significant arterial disease. The bilateral presentation indicates the obstruction is<br>blocking flow to both legs = aorta.
The diagnosis of AAA is made once the aorta AP or width dimension exceeds _____.<br><br><b>A:</b> 2.5cm<br><b>B:</b> 3.0cm<br><b>C:</b> 3.5cm<br><b>D:</b> 4.0cm	<b>Answer:</b> B. 3.0cm<br><br><b>Feedback:</b><br>The diagnosis of AAA is made once the aorta AP or width dimension exceeds 3.0cm.
"Using the 3rd waveform, place the first cursor used to begin the resistive index measurement. Use your mouse to position the cursor and click to set your answer.<br><br><img src=""q91.png"" alt=""Question 91 image"">"	<b>Answer:</b> Unavailable<br><br><b>Feedback:</b><br>Normal renal artery waveforms demonstrate an early systolic peak. When measuring the AT, the first caliper is placed at the<br>start of systole and the second caliper is placed at the top of the early systolic peak. When measuring the resistive index, the<br>first caliper is placed at the true peak systolic velocity and the second caliper is placed at the peak end diastolic velocity.
Which of the following statements is true regarding the aorta?<br><br><b>A:</b> Suprarenal AAAs normally do not affect the arterial flow to the kidneys.<br><b>B:</b> The most common location for an aortic dissection is at the iliac bifurcation.<br><b>C:</b> The majority of the aortic branches that lead to abdominal organs are lateral branches.<br><b>D:</b> Rupture is the most common complication of an aortic aneurysm.	<b>Answer:</b> D. Rupture is the most common complication of an aortic aneurysm.<br><br><b>Feedback:</b><br>Rupture is the most common complication of an aortic aneurysm.<br>The most common location for an aortic dissection is in the ascending aorta. The majority of the aortic branches that lead to<br>abdominal organs are anterior branches. A suprarenal AAA would slow the flow to the kidneys and can affect their function.<br>Infrarenal AAAs normally do not affect the arterial flow to the kidneys.
"The images displayed are from a renal Doppler exam on a 15yr old female with significant HTN. What is the most likely cause for the abnormality demonstrated?<br><br><b>A:</b> Suprarenal AAA<br><b>B:</b> Atherosclerotic disease<br><b>C:</b> Infrarenal AAA<br><b>D:</b> Fibromuscular dysplasia<br><br><img src=""q93.jpg"" alt=""Question 93 image"">"	<b>Answer:</b> D. Fibromuscular dysplasia<br><br><b>Feedback:</b><br>The bilateral presentation of renal stenosis in a pediatric patient is most likely due to a diffuse disorder of congenital or<br>idiopathic nature. Atherosclerosis formation is a chronic disease. Suprarenal AAA would reduce the blood flow to the kidneys<br>increasing the BP but would not cause the increase in velocity in the arteries.
"All of the following terms could be used to describe the attached waveform, except:<br><br><b>A:</b> delayed acceleration<br><b>B:</b> reduced deceleration time<br><b>C:</b> low resistance<br><b>D:</b> tardus parvus<br><br><img src=""q94.jpg"" alt=""Question 94 image"">"	<b>Answer:</b> B. reduced deceleration time<br><br><b>Feedback:</b><br>The waveform demonstrates a slow upstroke (long AT) and late systolic peak that is consistent with a monophasic, tardus<br>parvus waveform. The deceleration is delayed not shortened.
Increased resistance in a renal artery can indicate:<br><br><b>A:</b> proximal stenosis or kidney disease<br><b>B:</b> normal post-prandial flow<br><b>C:</b> normal pre-prandial flow<br><b>D:</b> distal stenosis or kidney disease	<b>Answer:</b> D. distal stenosis or kidney disease<br><br><b>Feedback:</b><br>Increased resistance in a renal artery can indicate distal stenosis or kidney disease. If the renal artery demonstrates increased<br>resistance to flow, there is either a vascular blockage distally or the kidney parenchyma is resisting the arterial inflow because it<br>cannot properly filter the blood. Any kidney disease that affects the filtration system will lead to increased parenchymal<br>resistance to arterial inflow. Normal renal artery flow is low resistance with antegrade diastolic flow.
Which of the following is associated with spectral broadening?<br><br><b>A:</b> laminar flow<br><b>B:</b> increased bandwidth<br><b>C:</b> pulsatile flow<br><b>D:</b> blunted waveform	<b>Answer:</b> B. increased bandwidth<br><br><b>Feedback:</b><br>Bandwidth refers to the difference between the highest and lowest frequencies in the pulse. Laminar flow has a narrow<br>bandwidth of reflected signals because the blood cells are all moving at relatively the same speed. This allows for the display of<br>a spectral window on the tracing. With turbulent flow, the blood cells are moving at many different velocities. This produces a<br>wide bandwidth of reflected signals and the spectral window fills in.<br>Powered by ExamBuilder. Copyright ©2026
