"The image attached demonstrates which of the following?<br><br><b>A:</b> Greenfield filter in a normal vein<br><b>B:</b> Chronic venous thrombosis with recanalization<br><b>C:</b> Chronic thrombosis with Greenfield filter<br><b>D:</b> Venous dissection with multiple intimal flaps<br><br><img src=""q1.png"" alt=""Question 1 image"">"	<b>Answer:</b> B. Chronic venous thrombosis with recanalization<br><br><b>Feedback:</b><br>Note the fibrous strands of the thrombus as it becomes denser and atrophies within the lumen. The anechoic areas are<br>thrombus free areas which allow some flow through the vessel.
____________________ cause primary varicose veins, while ___________________ cause secondary varicose veins.<br><br><b>A:</b> elevated deep venous pressures, incompetent valves<br><b>B:</b> incompetent valves, elevated deep venous pressures<br><b>C:</b> incompetent valves, incompetent perforators<br><b>D:</b> elevated deep venous pressures, elevated arterial pressures	<b>Answer:</b> B. incompetent valves, elevated deep venous pressures<br><br><b>Feedback:</b><br>Incompetent valves cause primary varicose veins, while elevated deep venous pressures in a diseased deep system (hx of DVT<br>or abnormal valves) cause secondary varicose veins. Primary varicose veins are much more common than secondary.
The most common complication of lower extremity DVT is:<br><br><b>A:</b> pulmonary embolism<br><b>B:</b> phlegmasia cerulea alba<br><b>C:</b> valvular incompetence<br><b>D:</b> phlegmasia cerulea dolens	<b>Answer:</b> C. valvular incompetence<br><br><b>Feedback:</b><br>The presence of DVT damages venous valvular structure and motion and venous insufficiency is the most common sequela see<br>with DVT.<br>Pulmonary embolism is the most critical complication of a DVT.<br>Phlegmasia alba dolens is an extensive iliofemoral thrombosis, usually due to stasis of uterine blood with recent pelvic surgery<br>or pregnancy. It presents as painful swelling and pallor of the entire leg (milk leg).<br>Phlegmasia cerulea dolens is an uncommon severe form of DVT which results from extensive thrombotic occlusion of the veins<br>of an extremity. It presents as painful &quot;blue&quot; swollen leg. Milk leg becomes Blue leg if untreated.
"What is demonstrated by the images from a lower extremity venous Doppler exam?<br><br><b>A:</b> Klippel-Trenaunay Webber Syndrome<br><b>B:</b> AV fistula<br><b>C:</b> incorrect gain settings on color Doppler, normal spectral waveform from the CFV<br><b>D:</b> pseudoaneurysm<br><br><img src=""q4.png"" alt=""Question 4 image"">"	<b>Answer:</b> B. AV fistula<br><br><b>Feedback:</b><br>Note the pulsatility in the venous waveform which is consistent with the presence of arterial inflow proximally in the vessel. The<br>mosaic color pattern indicates turbulence at the connection with the artery.
"The image is a transverse view of the distal popliteal fossa. Which of the following would not be a recommended treatment?<br><br><b>A:</b> IV Heparin<br><b>B:</b> Lovenox injection<br><b>C:</b> No medication, just a warm compress<br><b>D:</b> Coumadin therapy<br><br><img src=""q5.png"" alt=""Question 5 image"">"	<b>Answer:</b> C. No medication, just a warm compress<br><br><b>Feedback:</b><br>DVT and superficial thrombosis are present. DVT is always treated aggressively with protocols using IV Heparin, Lovenox<br>injection and Coumadin/Warfarin therapy. If only superficial thrombosis of the small saphenous vein is present, a warm<br>compress and an aspirin would usually be sufficient treatment.
A patient presents for an upper extremity venous Doppler evaluation due to bilateral arm and face swelling. There are also varicosities visible on the upper chest wall. These symptoms are most consistent with:<br><br><b>A:</b> congestive heart failure and venous stasis<br><b>B:</b> occlusive thrombus in the superior vena cava<br><b>C:</b> occlusive thrombus in the internal jugular vein<br><b>D:</b> Nutcracker syndrome	<b>Answer:</b> B. occlusive thrombus in the superior vena cava<br><br><b>Feedback:</b><br>Chest wall varices, facial and bilateral arm swelling are indicative of SVC thrombosis. IJV thrombosis can be related to facial<br>swelling but the arm would not be affected. CHF usually causes swelling in the legs.
A patient presents with a swollen left leg from hip to ankle and the right leg is normal. An lower extremity venous duplex exam shows compressible vessels bilaterally. Doppler demonstrates normal flow in the right leg, but there is loss of phasicity of flow and decreased augmentation of the left common femoral vein and proximal femoral vein. These findings are most suggestive of:<br><br><b>A:</b> left ovarian mass or left external iliac vein thrombosis<br><b>B:</b> right external iliac thrombosis or IVC thrombosis<br><b>C:</b> bilateral external or internal iliac vein thrombosis<br><b>D:</b> IVC thrombosis	<b>Answer:</b> A. left ovarian mass or left external iliac vein thrombosis<br><br><b>Feedback:</b><br>A left ovarian mass could compress the iliac vein to cause the swelling. Left external iliac vein thrombosis could also cause<br>unilateral swelling of the entire leg. IVC thrombosis or bilateral external iliac thrombosis would cause flow abnormalities in both<br>extremities. Internal iliac thrombosis will not affect the venous outflow of the legs.
A patient presents with a wet ulcer located on the medial calf just above the ankle. What vessel should be evaluated first as the most likely primary cause of the ulcer?<br><br><b>A:</b> posterior tibial artery<br><b>B:</b> posterior accessory saphenous vein<br><b>C:</b> posterior tibial vein<br><b>D:</b> small saphenous vein	<b>Answer:</b> B. posterior accessory saphenous vein<br><br><b>Feedback:</b><br>Insufficiency of the posterior arch vein (posterior accessory saphenous vein) and perforators is most commonly related to<br>venous ulcer formation. The PTV are part of the deep venous system and do not typically demonstrate reflux. The SSV courses<br>up the back of the calf, not near the ankle. A wet, oozing ulcer near the medial malleolus indicates a venous stasis ulcer.
Which of the following risk factors has the highest incidence of lower extremity thrombus formation?<br><br><b>A:</b> Recent hip surgery<br><b>B:</b> Polycythemia vera<br><b>C:</b> Diabetes<br><b>D:</b> Rotator cuff repair	<b>Answer:</b> A. Recent hip surgery<br><br><b>Feedback:</b><br>Patients who have undergone any type of lower extremity surgery are at the greatest risk of DVT. The 3 factors of Virchow&#x27;s<br>triad are present in these patients. Usually these patients are confined to a bed for several days/weeks which leads to stasis.<br>There are significant limitations with using blood thinners immediately following surgery because it would prevent the healing<br>of the surgery and could lead to hemorrhage.
"Which of the following would be contraindicated in this patient?<br><br><b>A:</b> thermal ablation<br><b>B:</b> Coumadin therapy<br><b>C:</b> daily exercise<br><b>D:</b> compression stockings<br><br><img src=""q10.jpg"" alt=""Question 10 image"">"	<b>Answer:</b> B. Coumadin therapy<br><br><b>Feedback:</b><br>Venous reflux is usually treated with compression stockings, thermal or laser ablation and lifestyle changes that increase the<br>venous flow to the heart. (exercise, elevating legs when sitting, avoid high heel shoes) Coumadin therapy would thin the blood<br>causing further dilatation of the damaged veins.
Which of the following patients has the lowest risk of upper extremity venous thrombosis?<br><br><b>A:</b> central venous catheter for chemotherapy<br><b>B:</b> hemophilia<br><b>C:</b> recent shoulder surgery<br><b>D:</b> polycythemia vera	<b>Answer:</b> B. hemophilia<br><br><b>Feedback:</b><br>Polycythemia vera (Hypercoagulability), central venous catheter (trauma), and recent surgery (trauma/stasis) will increase the<br>risk of thrombus formation.<br>Hemophilia refers to a condition causing abnormally thin blood and would be a contraindication to clot formation.
The most common location of a Baker cyst is:<br><br><b>A:</b> Medial antecubital fossa<br><b>B:</b> Anterior patellar space<br><b>C:</b> Medial popliteal fossa<br><b>D:</b> Inguinal canal	<b>Answer:</b> C. Medial popliteal fossa<br><br><b>Feedback:</b><br>The most common location of a Baker cyst is in the medial popliteal fossa. Most are an incidental finding on a lower extremity<br>exam.
Which of the following is an expected complication caused by a Baker cyst?<br><br><b>A:</b> Aneurysm formation in the popliteal artery<br><b>B:</b> Thrombosis of the popliteal vein due to extrinsic compression<br><b>C:</b> Thrombosis of the small saphenous vein due to valvular insufficiency<br><b>D:</b> Atherosclerosis formation in the popliteal artery	<b>Answer:</b> B. Thrombosis of the popliteal vein due to extrinsic compression<br><br><b>Feedback:</b><br>A Baker cyst can cause pain and swelling in the popliteal fossa. The extrinsic compression of the popliteal vein by the cyst can<br>lead to a continuous flow pattern, blood stasis and DVT formation. The arterial walls are muscular and can prevent the effects of<br>extrinsic compression on the popliteal artery.
Which of the following is a common infection that causes skin discoloration in patients with venous insufficiency?<br><br><b>A:</b> staphylococcus epidermidis<br><b>B:</b> stasis dermatitis<br><b>C:</b> arteritis<br><b>D:</b> staphylococcus aureus	<b>Answer:</b> B. stasis dermatitis<br><br><b>Feedback:</b><br>Stasis dermatitis is a common inflammatory skin disease. It is usually the earliest cutaneous sequela of chronic venous<br>insufficiency with venous hypertension and causes discoloration of the ankle and calf.
If a patient is diagnosed with a pulmonary embolism, what should be the next step in their patient care?<br><br><b>A:</b> pulmonary angiography<br><b>B:</b> IV Heparin<br><b>C:</b> V/Q scan<br><b>D:</b> lower extremity venous Doppler exam	<b>Answer:</b> B. IV Heparin<br><br><b>Feedback:</b><br>If the patient has been diagnosed with a PE, additional exams may or may not be required to locate the source of the embolism.<br>Immediate IV Heparin therapy should be administered.
Unilateral swelling of the lower extremity would be an expected clinical finding with:<br><br><b>A:</b> Congestive heart failure<br><b>B:</b> Thrombus in the IVC<br><b>C:</b> Chronic kidney disease<br><b>D:</b> Left popliteal DVT	<b>Answer:</b> D. Left popliteal DVT<br><br><b>Feedback:</b><br>Bilateral swelling is associated with renal disease, CHF, and IVC thrombosis. Left popliteal DVT would cause unilateral swelling of<br>the left leg.
A patient presents for an exam due to a history of Lemierre Syndrome. What vessels should be evaluated for associated findings?<br><br><b>A:</b> Deep veins of the lower extremity<br><b>B:</b> Bilateral radial and ulnar veins<br><b>C:</b> Superficial veins of the lower extremity<br><b>D:</b> Bilateral internal jugular veins	<b>Answer:</b> D. Bilateral internal jugular veins<br><br><b>Feedback:</b><br>Lemierre Syndrome refers to thrombophlebitis of the jugular veins with oropharyngeal infection, such as pharyngitis/tonsillitis.<br>Duplex evaluation can demonstrate thrombus within the jugular vein or other neck or facial veins.
"Which of the following describes abnormal lower extremity venous flow response to distal augmentation in a superficial vein?<br><br><b>A:</b> Augmentation causes increased flow toward heart followed by flow reversal &gt;0.5sec toward the feet<br><b>B:</b> Augmentation causes increased flow toward feet followed by flow reversal &gt; 0.5 sec toward the heart<br><b>C:</b> Augmentation causes increased flow toward feet followed by at least 3 seconds of flow reversal toward the feet<br><b>D:</b> Augmentation causes increased flow toward heart followed by flow normalization<br><br><img src=""q18.jpg"" alt=""Question 18 image"">"	<b>Answer:</b> A. Augmentation causes increased flow toward heart followed by flow reversal &gt;0.5sec toward the feet<br><br><b>Feedback:</b><br>&lt;0.5 sec flow reversal with distal augmentation is considered within normal limits. Reflux is diagnosed when flow reversal<br>exceeds 0.5sec. &gt;3 sec flow reversal is considered severe venous reflux. The best answer is Augmentation causes increased flow<br>toward heart followed by flow reversal &gt;0.5sec toward the feet.
A 56yr old female presents with mild calf pain that is caused by dorsiflexion of the foot. The symptoms began after she returned from vacation in France. Yesterday she noticed a sudden red color change and edema, localized to the lower leg. These clinical findings are most suggestive of:<br><br><b>A:</b> cellulitis<br><b>B:</b> pseudoaneurysm<br><b>C:</b> chronic insufficiency<br><b>D:</b> acute DVT	<b>Answer:</b> D. acute DVT<br><br><b>Feedback:</b><br>The patient noticed the problem after a vacation in France = long airplane ride = venous stasis. The sudden onset of additional<br>symptoms indicates propagation of a clot in the calf.
Bilateral leg and foot edema are present. What is the most common cause for this?<br><br><b>A:</b> Congestive heart failure<br><b>B:</b> Chronic insufficiency in the superficial system<br><b>C:</b> Chronic insufficiency in deep system<br><b>D:</b> Lymphedema	<b>Answer:</b> A. Congestive heart failure<br><br><b>Feedback:</b><br>Cardiac and systemic problems lead to bilateral swelling of the lower extremities, including the feet. Lymphedema can cause<br>bilateral leg and foot swelling, but it is usually unilateral and less common than CHF. Chronic venous disease does not normally<br>cause swelling of the feet and is most commonly unilateral.
What is the most common cause of upper extremity DVT in the normal ambulatory patient population?<br><br><b>A:</b> Paget - Schroetter Syndrome<br><b>B:</b> shoulder surgery<br><b>C:</b> radiation therapy treatments to the chest<br><b>D:</b> indwelling catheters	<b>Answer:</b> A. Paget - Schroetter Syndrome<br><br><b>Feedback:</b><br>Paget - Schroetter Syndrome AKA spontaneous effort thrombosis:<br>Most common cause of axillary/subclavian DVT in the ambulatory patient population<br>Related to the presence of a cervical rib and thoracic outlet syndrome<br>Higher incidence in the dominant arm<br>Indwelling catheters are a common cause of upper extremity thrombosis in patients that are ill and require intravenous<br>medication/treatment.
"Which of the following conditions is usually related to cardiac pulsatility in the leg veins?<br><br><b>A:</b> DVT<br><b>B:</b> Tachycardia<br><b>C:</b> Bradycardia<br><b>D:</b> Congestive heart failure<br><br><img src=""q22.jpg"" alt=""Question 22 image"">"	<b>Answer:</b> D. Congestive heart failure<br><br><b>Feedback:</b><br>As the heart moves in the chest it causes the ripple effect in the venous system. Normally, the upper IVC and Hepatic veins<br>demonstrate this ripple effect as flow reversal during cardiac systole. The &quot;ripples&quot; of cardiac pressure/motion usually dissipate<br>as they reach the mid abdomen area. In patients with CHF, the venous blood volume is increased throughout the system. The<br>cardiac pulsatility will extend further into the lower extremities due to the increased blood volume.
_______________ is the &quot;gold standard&quot; exam technique for diagnosis of venous disease in the lower extremities.<br><br><b>A:</b> Arteriography<br><b>B:</b> Venography<br><b>C:</b> Doppler Ultrasound<br><b>D:</b> MR Angiography (MRA)	<b>Answer:</b> C. Doppler Ultrasound<br><br><b>Feedback:</b><br>Doppler ultrasound has surpassed venography as the gold standard for evaluation of the veins in the lower extremities.
"What is demonstrated on the longitudinal image taken from the mid- thigh?<br><br><b>A:</b> chronic occlusive thrombosis of the femoral vein<br><b>B:</b> occlusion of the deep femoral artery<br><b>C:</b> occlusion of the superficial femoral artery<br><b>D:</b> chronic occlusive thrombosis of the profunda femoral vein<br><br><img src=""q24.jpg"" alt=""Question 24 image"">"	<b>Answer:</b> A. chronic occlusive thrombosis of the femoral vein<br><br><b>Feedback:</b><br>Note the increased echogenicity of the thrombus and the contracted vein which are consistent with chronic venous thrombosis.<br>There is an area in the distal vein where the thrombus has contracted and hardened enough to produce posterior shadowing<br>on the image.
Patients with lower extremity venous insufficiency may describe pain<br><br><b>A:</b> that is relieved by walking<br><b>B:</b> that is relieved by lying down<br><b>C:</b> that is relieved by placing legs in a dependent position<br><b>D:</b> that is relieved by elevating the legs	<b>Answer:</b> D. that is relieved by elevating the legs<br><br><b>Feedback:</b><br>The dependent position helps blood to reach the lower legs more quickly. Walking and elevating the legs would increase the<br>flow toward the heart and reduce blood pooling in the calves. With venous insufficiency, walking will increase the arterial flow<br>into an already inefficient venous system. This can lead to increased pooling in the lower leg with swelling and pain.
Which of the following Doppler findings would indicate significant venous hypertension?<br><br><b>A:</b> Phasic flow patterns in the lower extremity deep veins<br><b>B:</b> Increased systolic velocities with decreased diastolic velocities<br><b>C:</b> Absence of flow in the deep veins on deep expiration<br><b>D:</b> Triphasic flow patterns in the lower extremity deep veins	<b>Answer:</b> D. Triphasic flow patterns in the lower extremity deep veins<br><br><b>Feedback:</b><br>Significant pulsatility in the deep veins of the lower extremity indicates increased venous pressures (venous HTN). CHF,<br>electrolyte imbalance and kidney dysfunction can lead to venous HTN. If the flow pattern normally seen in the IVC and hepatic<br>veins is seen in the legs, venous HTN is present.<br>Triphasic flow means the flow has 3 phases of movement in a single cardiac cycle. (The Doppler tracing crosses the baseline 3<br>times in a cardiac cycle.) The term is not limited to describing arterial flow. Continuous flow patterns in the veins can be a sign of<br>chronic obstruction proximally.
A patient has a prior history of popliteal DVT and currently complains of the increasing appearance of small varicosities on the calf. Which statement below best describes his condition?<br><br><b>A:</b> The patient is suffering from secondary varicose vein formation.<br><b>B:</b> The patient most likely has a recurrent acute DVT.<br><b>C:</b> There is most likely a clot in the gastrocnemius veins of the calf.<br><b>D:</b> There is most likely a Baker&#x27;s cyst in the popliteal fossa causing extrinsic compression.	<b>Answer:</b> A. The patient is suffering from secondary varicose vein formation.<br><br><b>Feedback:</b><br>Primary varicosities form due to abnormal valves in the superficial venous system.<br>Secondary varicosities form if there is an associated problem in the deep system, such as previous DVT.
"The images of the neck demonstrate which of the following?<br><br><b>A:</b> Chronic DVT of the IJV<br><b>B:</b> Acute DVT of the SVC<br><b>C:</b> Acute DVT of the IJV<br><b>D:</b> Large neck mass anterior to CCA<br><br><img src=""q28_1.jpg"" alt=""Question 28 image""><br><br><img src=""q28_2.jpg"" alt=""Question 28 image"">"	<b>Answer:</b> C. Acute DVT of the IJV<br><br><b>Feedback:</b><br>Note the engorged vein with mildly hyperechoic debris within the lumen. The acute thrombosis is causing complete obstruction<br>of the IJV. Chronic thrombosis would not present as an engorged vein and the thrombus would be excessively echogenic with<br>potential recanalization.<br>NORMAL IJV - FLATTENED, FLEXIBLE
"A patient presents for a lower extremity venous Doppler due to leg pain in the groin and upper thigh after a recent car accident. After viewing these findings in the common femoral vein, what should you do next on this patient&#x27;s exam?<br><br><b>A:</b> perform a blood pressure on the thigh<br><b>B:</b> evaluate the common femoral artery for signs of an AV fistula<br><b>C:</b> evaluate the common femoral artery for a pseudoaneurysm<br><b>D:</b> perform the color and Doppler evaluation of the superficial femoral vein to rule out thrombus<br><br><img src=""q29.png"" alt=""Question 29 image"">"	<b>Answer:</b> B. evaluate the common femoral artery for signs of an AV fistula<br><br><b>Feedback:</b><br>Note the pulsatility in the venous waveform which is consistent with the presence of arterial inflow proximally in the vessel. The<br>mosaic color pattern indicates turbulence at the connection with the artery.
"What vessel is demonstrated as thrombosed on the image?<br><br><b>A:</b> basilic vein<br><b>B:</b> cephalic vein<br><b>C:</b> short saphenous vein<br><b>D:</b> great saphenous vein<br><br><img src=""q30.jpg"" alt=""Question 30 image"">"	<b>Answer:</b> D. great saphenous vein<br><br><b>Feedback:</b><br>Note the body marker indicator on the image along with the location of the vein just beneath the subcutaneous fat and anterior<br>to the muscular fascia. The lack of a corresponding artery also indicates a superficial vein.
Sclerotherapy:<br><br><b>A:</b> is used to treat incompetent deep veins<br><b>B:</b> refers to the treatment of veins using a radiofrequency catheter<br><b>C:</b> refers to the treatment of deep venous reflux with compression stockings<br><b>D:</b> involves the injection of saline into superficial varicosities	<b>Answer:</b> D. involves the injection of saline into superficial varicosities<br><br><b>Feedback:</b><br>Sclerotherapy refers to the injection of saline or other sclerosing agent that damages the vein and causes fibrosis to occur.<br>Ablation can be used to avoid surgical intervention in some cases, catheter based radiofrequency application can occlude the<br>vessels leading to overall atrophy of the vessels.
Virchow&#x27;s triad of symptoms includes blood stasis, recent trauma and:<br><br><b>A:</b> Hyperhydration<br><b>B:</b> Hyperpigmentation<br><b>C:</b> Anemia<br><b>D:</b> Polycythemia vera	<b>Answer:</b> D. Polycythemia vera<br><br><b>Feedback:</b><br>Virchow&#x27;s Triad:<br>1. Blood Stasis<br>2. Trauma<br>3. Hypercoagulability. Polycythemia vera refers to abnormally thickened blood.<br>Hyperpigmentation is related to chronic vascular disease. Hyperhydration and anemia would lead to thinner blood and less risk<br>of thrombus formation.
A patient presents for a venous insufficiency exam, but is unable to stand for the exam. How will this affect your exam?<br><br><b>A:</b> Venous reflux may not be demonstrated in veins where it is actually present.<br><b>B:</b> The PPG tracings will be increased in amplitude.<br><b>C:</b> No change as long as they can move their feet to perform the heel raises.<br><b>D:</b> The segmental pressures will be falsely elevated.	<b>Answer:</b> A. Venous reflux may not be demonstrated in veins where it is actually present.<br><br><b>Feedback:</b><br>Standing increases hydrostatic pressure to better demonstrate the reflux. If the patient is supine, a false negative exam could<br>be obtained because the augmentation response will be diminished without hydrostatic pressure. A seated patient will have<br>bent knees and hip joints which can inhibit/reduce the flow response to augmentation.
Which of the following are common risk factors for varicose vein formation?<br><br><b>A:</b> smoking and high cholesterol<br><b>B:</b> diabetes and smoking<br><b>C:</b> post-phlebitic syndrome and high cholesterol<br><b>D:</b> pregnancy and standing for long periods of time	<b>Answer:</b> D. pregnancy and standing for long periods of time<br><br><b>Feedback:</b><br>Smoking, high cholesterol and diabetes are risk factors for atherosclerotic disease. Post-phlebitic syndrome, pregnancy, and<br>standing for long periods of time.
"This image demonstrates which of the following?<br><br><b>A:</b> Chronic DVT<br><b>B:</b> Partial DVT<br><b>C:</b> Acute DVT<br><b>D:</b> Superficial venous thrombosis<br><br><img src=""q35.jpg"" alt=""Question 35 image"">"	<b>Answer:</b> C. Acute DVT<br><br><b>Feedback:</b><br>Note the engorged vein with mildly echogenic material within the lumen. The vein appears completely obstructed by acute<br>thrombus.
Which of the following causes of thrombosis is associated with anatomic variations of the thoracic outlet?<br><br><b>A:</b> shoulder surgery<br><b>B:</b> radiation therapy treatments to the chest<br><b>C:</b> indwelling catheters<br><b>D:</b> Paget - Schroetter Syndrome	<b>Answer:</b> D. Paget - Schroetter Syndrome<br><br><b>Feedback:</b><br>Paget - Schroetter Syndrome AKA spontaneous effort thrombosis:<br>Most common cause of axillary/subclavian DVT in the ambulatory patient population<br>Related to the presence of a cervical rib and thoracic outlet syndrome<br>Higher incidence in the dominant arm<br>Indwelling catheters are a common cause of upper extremity thrombosis in patients that are ill and require intravenous<br>medication/treatment
A patient presents for a lower extremity venous Doppler to rule out venous insufficiency. Which vessels should be completely evaluated for the exam?<br><br><b>A:</b> femoral and popliteal veins<br><b>B:</b> great and short saphenous veins<br><b>C:</b> iliac, femoral and great saphenous veins<br><b>D:</b> femoral, popliteal, short saphenous and great saphenous veins	<b>Answer:</b> D. femoral, popliteal, short saphenous and great saphenous veins<br><br><b>Feedback:</b><br>The deep veins should be evaluated for thrombus before the reflux exam is performed. The deep veins should also be<br>evaluated for reflux along with the superficial veins.
A patient presents with a script for a &quot;vascular ultrasound&quot; due to a history of Paget Schroetter syndrome. What type of exam should be performed for this patient?<br><br><b>A:</b> arterial PPG of the toes<br><b>B:</b> segmental pressures on the lower extremities<br><b>C:</b> lower extremity venous Doppler exam<br><b>D:</b> upper extremity venous Doppler exam	<b>Answer:</b> D. upper extremity venous Doppler exam<br><br><b>Feedback:</b><br>Paget Schroetter syndrome refers to the formation of upper extremity DVT due to excessive motion. It is usually associated with<br>thoracic outlet syndrome.
"A Greenfield filter is used to prevent which of the following?<br><br><b>A:</b> DVT<br><b>B:</b> Cardiac tamponade<br><b>C:</b> Blue toe syndrome<br><b>D:</b> Pulmonary embolism<br><br><img src=""q39.jpg"" alt=""Question 39 image"">"	<b>Answer:</b> D. Pulmonary embolism<br><br><b>Feedback:</b><br>A greenfield filter is inserted into the abdominal portion of the IVC (below the level of the renal veins) to catch embolic material<br>before it reaches the heart and lungs. It does not prevent the formation of DVT, but it does protect the patient from<br>complications related to embolism from a DVT.
"You perform a bilateral venous Doppler due to bilateral swelling and pain in the legs. If both external iliac veins look like the tracing on the image, which of the following should be reported on your technologist worksheet?<br><br><b>A:</b> May-Thurner syndrome is likely<br><b>B:</b> Severe tricuspid regurgitation is suspected<br><b>C:</b> Congestive heart failure is likely<br><b>D:</b> IVC obstruction is suspected<br><br><img src=""q40.jpg"" alt=""Question 40 image"">"	<b>Answer:</b> D. IVC obstruction is suspected<br><br><b>Feedback:</b><br>Bilateral continuous waveforms from the iliac veins indicate a proximal obstruction that affects them both. An IVC obstruction is<br>suspected. CHF and tricuspid regurgitation cause cardiac pulsatility in both extremities. May Thurner syndrome leads to<br>thrombosis of the left common iliac vein. Only the left leg would demonstrate continuous flow in the external iliac vein.
"The complication demonstrated on the image are most suggestive of what vascular abnormality?<br><br><b>A:</b> Acute superficial vein thrombosis<br><b>B:</b> Peripheral arterial disease<br><b>C:</b> Acute deep vein thrombosis<br><b>D:</b> Infrarenal aortic aneurysm<br><br><img src=""q41.jpg"" alt=""Question 41 image"">"	<b>Answer:</b> C. Acute deep vein thrombosis<br><br><b>Feedback:</b><br>Note the hypoechoic and anechoic areas of tissue due to increased fluid accumulation in the tissues. Peripheral edema is a sign<br>of DVT. The venous outflow is occluded and fluid in the veins is &quot;pushed&quot; into the surrounding tissues. Acute superficial<br>thrombosis would not typically lead to peripheral edema if the deep system is unaffected. If the superficial vein is chronically<br>occluded, mild edema may develop. Peripheral arterial disease causes dry skin and toe nails due to a lack of blood supply.
"Significant valvular disease in the right heart usually leads to:<br><br><b>A:</b> exaggerated respiratory phasicity in the portal vein<br><b>B:</b> cardiac pulsatility in the lower extremity veins<br><b>C:</b> tardus parvus waveforms in the carotid arteries<br><b>D:</b> biphasic flow in the carotid arteries<br><br><img src=""q42.jpg"" alt=""Question 42 image"">"	<b>Answer:</b> B. cardiac pulsatility in the lower extremity veins<br><br><b>Feedback:</b><br>Significant valvular disease in the right heart usually leads to significant pulsatility in the lower extremities and portal veins.<br>Significant aortic disease can cause changes to the carotid artery flow.<br>Aortic Stenosis - turbulent flow, post-stenotic flow changes.<br>Aortic Regurgitation - pulsus bisferiens
Which of the following will be administered to a patient with extensive DVT to cause lysis of the clot?<br><br><b>A:</b> Heparin<br><b>B:</b> Heparin or Coumadin<br><b>C:</b> Coumadin<br><b>D:</b> Streptokinase	<b>Answer:</b> D. Streptokinase<br><br><b>Feedback:</b><br>Heparin, Coumadin and Warfarin are medications that reduce the viscosity of blood to prevent propagation of the clot but they<br>have no clot lysing properties. Streptokinase and Urokinase are used to dissolve the thrombus in cases with significant<br>thrombosis of the venous system.
While scanning the popliteal artery, you notice a thrombus in the popliteal vein. Which vein(s) should be evaluated next for ascending propagation of the clot?<br><br><b>A:</b> GSV<br><b>B:</b> distal femoral vein<br><b>C:</b> ATA and tibioperoneal trunk<br><b>D:</b> common femoral vein	<b>Answer:</b> B. distal femoral vein<br><br><b>Feedback:</b><br>If a clot is identified in the popliteal vein, the distal femoral vein should be evaluated next for propagation of the thrombus.
A patient presents with gangrene of the foot and toes. The most likely cause of these symptoms is:<br><br><b>A:</b> extensive deep and superficial vein thrombosis<br><b>B:</b> chronic occlusion of the popliteal artery<br><b>C:</b> coarctation of the aorta<br><b>D:</b> a 5cm aortic aneurysm with mural thrombus	<b>Answer:</b> A. extensive deep and superficial vein thrombosis<br><br><b>Feedback:</b><br>Venous gangrene usually involves the foot and all toes, while arterial gangrene usually involves one or two toes.
Which of the following is related to the appearance of Rouleaux formation on the image?<br><br><b>A:</b> Thoracic outlet syndrome<br><b>B:</b> Intracranial collateral flow<br><b>C:</b> Raynaud Syndrome<br><b>D:</b> DVT	<b>Answer:</b> D. DVT<br><br><b>Feedback:</b><br>Proximal to a DVT the flow may be very slow and visible on 2D imaging; the RBCs appear lined up or stacked in rolls similar to<br>coin rolls from your bank which is called the Rouleaux Formation
"Which of the following describes symptoms of a patient with lymphedema?<br><br><b>A:</b> Bilateral calf swelling with severe pitting edema<br><b>B:</b> Unilateral non-pitting edema that is unaffected by leg elevation<br><b>C:</b> Unilateral left leg swelling that is relieved by elevating the legs for 30 minutes<br><b>D:</b> Warm, red calf with significant swelling<br><br><img src=""q47.jpg"" alt=""Question 47 image"">"	<b>Answer:</b> B. Unilateral non-pitting edema that is unaffected by leg elevation<br><br><b>Feedback:</b><br>Lymphedema does not normally cause skin discoloration, while acute DVT can be associated with warmth and redness.<br>Lymphedema causes non-pitting edema, DVT causes pitting edema. Elevating the leg will have no effect on the swelling, but can<br>reduce swelling associated with DVT. Lymphedema is typically unilateral. DVT formation can affect one or both legs.
Lower extremity ulcers are most commonly caused by __________________.<br><br><b>A:</b> chronic venous disease<br><b>B:</b> acute venous disease<br><b>C:</b> chronic arterial disease<br><b>D:</b> recurrent cellulitis	<b>Answer:</b> A. chronic venous disease<br><br><b>Feedback:</b><br>Lower extremity ulcers are most commonly caused by chronic venous disease. (75%)
"Which of the following is a sonographic finding of acute DVT?<br><br><b>A:</b> Partial compressibility of the vein<br><b>B:</b> Valvular insufficiency<br><b>C:</b> Engorged vein with increased echogenicity in the lumen<br><b>D:</b> Flattened, collapsed vessel with increased echogenicity of the wall<br><br><img src=""q49_1.jpg"" alt=""Question 49 image""><br><br><img src=""q49_2.jpg"" alt=""Question 49 image"">"	<b>Answer:</b> C. Engorged vein with increased echogenicity in the lumen<br><br><b>Feedback:</b><br>Chronic thrombus will demonstrate as echogenic material lining a partially collapsed vein. Acute thrombus causes the vein to<br>grow in size and appear engorged with blood/debris.<br>NORMAL IJV - Flattened, flexible shape<br>THROMBOSED IJV - Engorged, non-compressible
Which of the following correctly describes the effects of walking on the deep venous pressure in the lower extremity in a patient with post phlebitic syndrome? Walking causes a gradual decrease in pressure during the first 1-2 minutes of exercise that quickly returns to pre-exercise<br><br><b>A:</b> Walking causes a gradual decrease in pressure during the first 1-2 minutes of exercise that quickly returns to pre-exercise levels once the patient stops walking.<br><b>B:</b> Walking causes a significant drop in deep venous pressure that takes several minutes to return to pre-exercise levels once the patient stops walking.<br><b>C:</b> Walking has little to no effect on the deep venous pressure, only the arterial pressure is affected by exercise.<br><b>D:</b> Walking causes an immediate, quick drop in pressure in the deep veins at the onset of exercise that quickly returns to pre- exercise levels once the patient stops walking.	<b>Answer:</b> D. Walking causes an immediate, quick drop in pressure in the deep veins at the onset of exercise that quickly returns to pre- exercise levels once the patient stops walking.<br><br><b>Feedback:</b><br>Valvular insufficiency in the deep system commonly occurs after an episode of DVT and is a key characteristic of post-phlebitic<br>syndrome. Normal deep veins will only allow flow toward the heart. As the leg veins empty and pressure quickly drops with<br>muscle contraction, the arterial inflow is the only source of blood to refill the veins and pressure rises slowly upon stopping. In<br>order to refill the veins and increase deep venous pressure to pre-exercise levels, the patient will need to stand for several<br>minutes (&gt;5min). Venous refill time is very fast if the deep veins contain incompetent valves. The pressure will drop quickly at<br>the start of exercise but will quickly return to pre-exercise levels upon standing. The deep veins are refilled by arterial inflow and<br>retrograde flow in the veins.
Most lower extremity thrombosis begins in the ___________________________.<br><br><b>A:</b> tibial veins<br><b>B:</b> peroneal vein<br><b>C:</b> soleal sinuses<br><b>D:</b> femoral vein in the adductor canal	<b>Answer:</b> C. soleal sinuses<br><br><b>Feedback:</b><br>Most lower extremity thrombosis begins in the soleal sinuses and propagates into the PTA and/or peroneal veins.
A patient presents for a lower extremity venous Doppler exam due to a history of May-Thurner Syndrome. What vessel should you closely evaluate for related findings?<br><br><b>A:</b> bilateral distal femoral veins<br><b>B:</b> right iliac vein<br><b>C:</b> bilateral popliteal veins<br><b>D:</b> left iliac vein	<b>Answer:</b> D. left iliac vein<br><br><b>Feedback:</b><br>May - Thurner Syndrome refers to increased incidence of left DVT due to extrinsic compression by RIGHT iliac artery.
When performing an upper extremity venous Doppler evaluation for thrombosis, which of the following veins should be evaluated on the exam?<br><br><b>A:</b> axillary, cephalic, basilic and brachial veins<br><b>B:</b> subclavian, axillary, cephalic, basilic and brachial veins<br><b>C:</b> cephalic, basilic and brachial veins<br><b>D:</b> axillary, brachial and deep forearm veins	<b>Answer:</b> B. subclavian, axillary, cephalic, basilic and brachial veins<br><br><b>Feedback:</b><br>When performing an upper extremity venous Doppler evaluation for thrombosis, the subclavian, axillary, cephalic, basilic and<br>brachial veins should be evaluated on the exam. The radial and ulnar veins are not typically evaluated at length, similar to the<br>calf veins on a lower extremity exam.
The most common location of valvular insufficiency is:<br><br><b>A:</b> great saphenous and common femoral vein junction<br><b>B:</b> calf vein confluence<br><b>C:</b> short saphenous vein<br><b>D:</b> femoral and profunda femoral vein junction	<b>Answer:</b> A. great saphenous and common femoral vein junction<br><br><b>Feedback:</b><br>The most common location of valvular insufficiency is at the SFJ (junction of great saphenous and common femoral vein<br>junction).
"Which of the following is an expected clinical finding in a patient with a venous stasis ulcer?<br><br><b>A:</b> dry and crusty<br><b>B:</b> located at the medial malleolus<br><b>C:</b> severe pain<br><b>D:</b> deep crater in the skin<br><br><img src=""q55.jpg"" alt=""Question 55 image"">"	<b>Answer:</b> B. located at the medial malleolus<br><br><b>Feedback:</b><br>Venous ulcers are usually mildly painful, oozing, shallow ulcer located at the medial malleolus.<br>Arterial ulcers are usually severely painful, dry and crusty, deep ulcers located at the toes or heel.
"Which of the following is a sign or symptom of chronic DVT?<br><br><b>A:</b> Warmth<br><b>B:</b> Redness<br><b>C:</b> Positive Homan&#x27;s Sign<br><b>D:</b> Brawny Discoloration<br><br><img src=""q56.jpg"" alt=""Question 56 image"">"	<b>Answer:</b> D. Brawny Discoloration<br><br><b>Feedback:</b><br>Hyperpigmentation refers to brawny discoloration of the distal 1/3 of the calf. It is caused by cell debris and waste accumulating<br>in the tissues outside the veins. Homan&#x27;s sign refers to calf pain with quick dorsiflexion of the foot. This can be a sign of a DVT<br>with the calf pain relating to the inability to pump out the blood when the muscle is quickly contracted. Swelling, warmth and<br>redness are all related to venous stasis in the vessels below the area of DVT.
A patient presents for a lower extremity venous Doppler exam due to a history of Klippel - Trenaunay - Weber Syndrome. What are the expected findings on the exam?<br><br><b>A:</b> extensive acute DVT causing volume overload of the superficial venous system<br><b>B:</b> absence of the deep veins in the leg with multiple dilated varicosities present<br><b>C:</b> extensive atherosclerosis of the arterial system causing volume overload of the superficial venous system<br><b>D:</b> extensive chronic DVT causing volume overload of the superficial venous system	<b>Answer:</b> B. absence of the deep veins in the leg with multiple dilated varicosities present<br><br><b>Feedback:</b><br>Klippel - Trenaunay - Weber Syndrome refers to congenital absence of the deep veins which causes numerous prominent<br>superficial varicosities.
"The most significant complication seen with DVT is _______________________.<br><br><b>A:</b> Incompetent valves<br><b>B:</b> Cardiac Tamponade<br><b>C:</b> Varicose veins<br><b>D:</b> Pulmonary embolism<br><br><img src=""q58.jpg"" alt=""Question 58 image"">"	<b>Answer:</b> D. Pulmonary embolism<br><br><b>Feedback:</b><br>Varicose vein formation is the most common complication of DVT and pulmonary embolism is the most significant complication<br>of DVT. A pulmonary embolism occurs when a piece of thrombus breaks off and travels to the lungs. This occludes the bronchial<br>artery and leads to the inability of the lungs to replace the oxygen in the blood. 15% of all cases of sudden death are PE related.
"You perform a bilateral venous Doppler due to bilateral swelling and pain in the legs. Both common femoral vein waveforms look like the tracing on the image. These findings are most consistent with:<br><br><b>A:</b> peripheral arterial disease<br><b>B:</b> severe tricuspid regurgitation<br><b>C:</b> May Thurner syndrome<br><b>D:</b> IVC obstruction<br><br><img src=""q59.jpg"" alt=""Question 59 image"">"	<b>Answer:</b> B. severe tricuspid regurgitation<br><br><b>Feedback:</b><br>Cardiac pulsatility in the lower extremity veins can be related to venous HTN. This is caused by CHF, renal dysfunction and<br>severe tricuspid regurgitation. May Thurner syndrome only affects the left leg due to compression of the left iliac vein. IVC<br>obstruction would cause continuous flow in the lower extremities.
During a color evaluation of the common femoral vein, the patient is asked to perform the Valsalva maneuver. The blue color in the CFV changes to red for approximately 3 seconds before returning to blue. What do these color Doppler findings indicate?<br><br><b>A:</b> The CFV has minimal venous insufficiency.<br><b>B:</b> Superficial venous insufficiency is present.<br><b>C:</b> There is most likely an occlusive DVT in the superficial femoral vein causing the venous turbulence proximally.<br><b>D:</b> A significant level of insufficiency is present and should be further evaluated with PW or CW Doppler techniques.	<b>Answer:</b> D. A significant level of insufficiency is present and should be further evaluated with PW or CW Doppler techniques.<br><br><b>Feedback:</b><br>0.5 seconds or less of flow reversal is considered normal in the superficial veins. 1 sec or less of flow reversal is considered<br>normal in the deep veins. 3 seconds or greater of flow reversal indicates significant venous reflux.
Which of the following are common symptoms of chronic venous disease?<br><br><b>A:</b> varicosities and pallor<br><b>B:</b> pitting edema and ulceration on great toe<br><b>C:</b> pallor and paresthesia<br><b>D:</b> brawny discoloration and pitting edema	<b>Answer:</b> D. brawny discoloration and pitting edema<br><br><b>Feedback:</b><br>Toe ulceration, pallor and paresthesia are signs of arterial disease. Varicosities, brawny discoloration and pitting edema are<br>signs of chronic venous disease.
"The image attached demonstrates which of the following?<br><br><b>A:</b> Reflux time, post augmentation<br><b>B:</b> Normal augmentation response time<br><b>C:</b> Time of venous augmentation<br><b>D:</b> Velocity of venous reflux<br><br><img src=""q62.jpg"" alt=""Question 62 image"">"	<b>Answer:</b> A. Reflux time, post augmentation<br><br><b>Feedback:</b><br>The flow reversal is quantified by the time reflux is present following augmentation. &lt;0.5 sec of reflux is normal in the superficial<br>system with &gt;3 sec of reflux indicates severe insufficiency.
A 65yr old female presents with left leg swelling for over one year. Mild hyperpigmentation is present in the distal calf and ankle area. These clinical findings are most suggestive of:<br><br><b>A:</b> Chronic Insufficiency<br><b>B:</b> Cellulitis<br><b>C:</b> Acute DVT<br><b>D:</b> Superficial Phlebitis	<b>Answer:</b> A. Chronic Insufficiency<br><br><b>Feedback:</b><br>Chronic swelling and brown discoloration are characteristics of venous stasis. This is most commonly associated with chronic<br>insufficiency. Acute DVT would result in acute swelling with a red discoloration.
Venous perforators with a diameter of _______________ or greater will usually demonstrate reflux.<br><br><b>A:</b> 6mm<br><b>B:</b> 2mm<br><b>C:</b> 2cm<br><b>D:</b> 4mm	<b>Answer:</b> D. 4mm<br><br><b>Feedback:</b><br>Normal perforator diameter is 2mm. Venous perforators with a diameter of 4mm or greater will usually demonstrate reflux.
"Venous gangrene usually involves ____________________________, while arterial gangrene usually involves________________________.<br><br><b>A:</b> right foot, left foot<br><b>B:</b> all the toes and foot, just one or two toes<br><b>C:</b> just one or two toes, all the toes and foot<br><b>D:</b> the foot but no toes, the toes but not the foot<br><br><img src=""q65.jpg"" alt=""Question 65 image"">"	<b>Answer:</b> B. all the toes and foot, just one or two toes<br><br><b>Feedback:</b><br>Venous gangrene usually involves the foot and all toes, while arterial gangrene usually involves one or two toes.
Warfarin is administered to a patient:<br><br><b>A:</b> to increase platelet aggregation<br><b>B:</b> to prevent thrombus propagation<br><b>C:</b> to assist in clot lysis and recanalization<br><b>D:</b> to assist in atheroma lysis and recanalization	<b>Answer:</b> B. to prevent thrombus propagation<br><br><b>Feedback:</b><br>Warfarin is administered to a patient to prevent thrombus propagation and reduce platelet aggregation. Streptokinase is used<br>for clot lysis in phlegmasia patients. Increased platelet aggregation would cause clot propagation.
How is Heparin administered to a patient with DVT?<br><br><b>A:</b> orally<br><b>B:</b> intra-arterial<br><b>C:</b> intravenous<br><b>D:</b> subcutaneous injection	<b>Answer:</b> C. intravenous<br><br><b>Feedback:</b><br>DVT treatment can include 5-10 day dose of intravenous Heparin to prevent clot extension, but it does not destroy current<br>thrombus.
Which of the following causes flow reversal in venous perforators?<br><br><b>A:</b> superficial thrombosis<br><b>B:</b> deep vein thrombosis<br><b>C:</b> compression stockings<br><b>D:</b> combination of superficial and deep thrombosis	<b>Answer:</b> B. deep vein thrombosis<br><br><b>Feedback:</b><br>DVT in the deep system forces any remaining flow into areas of lower pressure, the perforators. Flow exits the deep system<br>through the perforators to try to &quot;escape&quot; into the patent superficial system.
________________________ is a nonspecific sign of DVT. It is defined as pain experienced upon quick dorsiflexion of the foot.<br><br><b>A:</b> Asher Sign<br><b>B:</b> Homan Sign<br><b>C:</b> Allen Sign<br><b>D:</b> Henderson Sign	<b>Answer:</b> B. Homan Sign<br><br><b>Feedback:</b><br>Homan sign is a nonspecific sign of DVT. It is defined as pain experienced upon quick dorsiflexion of the foot. Asher sign refers<br>to enlargement of the spleen that extends across the midline, anterior to the abdominal aorta. The Allen Test is used to<br>determine ulnar artery patency related to graft availability for removing the radial artery.
An acute, occlusive thrombus is identified in the femoral vein in the adductor canal. Which of the following veins will demonstrate related blood stasis?<br><br><b>A:</b> great saphenous<br><b>B:</b> small saphenous<br><b>C:</b> common femoral<br><b>D:</b> proximal femoral vein	<b>Answer:</b> B. small saphenous<br><br><b>Feedback:</b><br>When answering questions regarding clot propagation, consider what vessel is proximal to the clot. When answering questions<br>regarding distal flow changes due to a proximal clot, consider what vessel is emptying blood into the vessel with the clot.<br>The DVT in the femoral vein will cause a backlog of blood in the popliteal vein. The SSV empties into the popliteal vein and will<br>become dilated with an obstruction in the femoral vein. The proximal femoral vein will still demonstrate normal flow due to the<br>perforators in the thigh filling the vein with blood from the superficial system.
A varicose vein is usually:<br><br><b>A:</b> a dilated lesser saphenous vein.<br><b>B:</b> a dilated vessel of the perforator system.<br><b>C:</b> a dilated tributary of the deep system.<br><b>D:</b> a dilated tributary of the greater saphenous vein.	<b>Answer:</b> D. a dilated tributary of the greater saphenous vein.<br><br><b>Feedback:</b><br>The greater saphenous vein and associated tributaries are most commonly associated with varicosity formation.
A patient in the ER has just been diagnosed with acute DVT of the popliteal vein. What would be the physician&#x27;s preferred treatment plan?<br><br><b>A:</b> Insert a valvulotome into the popliteal vein and recanalize the lumen.<br><b>B:</b> Perform sclerotherapy to resolve the clot.<br><b>C:</b> Begin the use of compression stockings and perform a follow up exam in 30 days<br><b>D:</b> Immediate IV treatment with Heparin with 90 days of Warfarin medication once released from the hospital.	<b>Answer:</b> D. Immediate IV treatment with Heparin with 90 days of Warfarin medication once released from the hospital.<br><br><b>Feedback:</b><br>Acute DVT is usually initially treated with IV Heparin followed by at least 90 days of Warfarin/Coumadin therapy once the patient<br>is out of the hospital.
Which of the following lower extremity vessels would most likely be occluded in a patient with Phlegmasia Alba Dolens?<br><br><b>A:</b> common femoral artery<br><b>B:</b> saphenous veins only<br><b>C:</b> deep veins, superficial veins and common femoral artery<br><b>D:</b> femoral vein, deep calf veins, popliteal vein	<b>Answer:</b> D. femoral vein, deep calf veins, popliteal vein<br><br><b>Feedback:</b><br>Phlegmasia Alba Dolens refers to a condition where all deep venous vessels are occluded in the extremity causing reduced<br>arterial inflow. The superficial veins are usually patent. The leg has a milky white appearance due to severe outflow obstruction<br>and markedly reducing arterial inflow. Leads to ischemia in entire extremity with severe pain.
"The attached picture is most suggestive of what acute vascular disorder?<br><br><b>A:</b> Congestive heart failure<br><b>B:</b> Unilateral DVT<br><b>C:</b> Peripheral arterial disease<br><b>D:</b> Bilateral DVT<br><br><img src=""q74.jpg"" alt=""Question 74 image"">"	<b>Answer:</b> B. Unilateral DVT<br><br><b>Feedback:</b><br>Significant edema is evident in the subcutaneous tissues. This is most commonly associated with Acute DVT. Peripheral arterial<br>disease is a chronic disorder. CHF or bilateral DVT would cause bilateral swelling.
A patient presents 3 days after left hip surgery for a DVT evaluation. There is severe edema from the hip to the ankle and the leg has a mild cyanotic appearance. You identify acute thrombus from the common femoral vein through the calf veins. The great saphenous vein is also occluded by thrombus. What is the diagnosis for this condition?<br><br><b>A:</b> Phlegmasia Cerulea Dolens<br><b>B:</b> Acute arterial occlusion<br><b>C:</b> Budd Chiari syndrome<br><b>D:</b> Phlegmasia Alba Dolens	<b>Answer:</b> A. Phlegmasia Cerulea Dolens<br><br><b>Feedback:</b><br>Phlegmasia Cerulea Dolens refers to extensive DVT occluding deep system and superficial system. Arterial inflow is significantly<br>affected. Severe limb edema and mottled skin are noted with cyanosis due to high concentration of deoxygenated blood. Tip for<br>remembering the difference between Cerulea Dolens and Alba Dolens, &quot;C&quot;erulea causes &quot;C&quot;yanosis of the leg, while Alba Dolens<br>results in pallor.
Which of the following describes chronic lower extremity DVT?<br><br><b>A:</b> echogenic vein walls<br><b>B:</b> exaggerated respiratory phasicity<br><b>C:</b> vein is completely non-compressible<br><b>D:</b> pulsatile flow pattern	<b>Answer:</b> A. echogenic vein walls<br><br><b>Feedback:</b><br>Chronic thrombus formation can cause the vein walls to appear thickened and echogenic. The wall changes diminish the venous<br>response to respiration. It can also lead to partial compressibility of the vein and continuous flow in the vessel (loss of<br>respiratory phasicity).
"If greater saphenous venous flow velocity is approximately 20cm/s and appears continuous, which other vessel should be evaluated for a cause for the flow abnormality?<br><br><b>A:</b> internal iliac vein<br><b>B:</b> profunda vein<br><b>C:</b> short saphenous vein<br><b>D:</b> femoral and popliteal vein<br><br><img src=""q77.jpg"" alt=""Question 77 image"">"	<b>Answer:</b> D. femoral and popliteal vein<br><br><b>Feedback:</b><br>Venous perforators normally send flow from the superficial system into the deep system. If the deep system of the<br>thigh/popliteal fossa has occlusive thrombus, the majority of flow in the GSV will be rerouted to the groin to enter the common<br>femoral vein. The increased flow will increase the velocity in the GSV and cause a continuous flow pattern.
Which of the following is a cause for deep venous HTN?<br><br><b>A:</b> Aortic coarctation<br><b>B:</b> Congestive heart failure<br><b>C:</b> Klippel Trenaunay Webber Syndrome<br><b>D:</b> Diffuse atherosclerotic disease	<b>Answer:</b> B. Congestive heart failure<br><br><b>Feedback:</b><br>Venous HTN is described as increased venous volume that causes fluid to leak into interstitial spaces between tissues. Related<br>to thrombus formation, venous insufficiency, CHF, pregnancy
What is the most common lower extremity venous disorder?<br><br><b>A:</b> May Thurner syndrome<br><b>B:</b> venous insufficiency<br><b>C:</b> superficial thrombophlebitis<br><b>D:</b> DVT	<b>Answer:</b> B. venous insufficiency<br><br><b>Feedback:</b><br>Venous insufficiency is the most common lower extremity venous disorder.
"Proximal to a DVT in the femoral vein, the flow appears very slow and visible on 2D imaging. The red blood cells appear lined up or stacked in rolls. What is this phenomenon called?<br><br><b>A:</b> May-Thurner Syndrome<br><b>B:</b> Raynaud phenomenon<br><b>C:</b> Phlegmasia cerulea dolens<br><b>D:</b> Rouleaux Formation<br><br><img src=""q80.jpg"" alt=""Question 80 image"">"	<b>Answer:</b> D. Rouleaux Formation<br><br><b>Feedback:</b><br>Proximal to a DVT in the superficial femoral vein, the flow appears very slow and visible on 2D imaging. The red blood cells<br>appear lined up or stacked in rolls. This phenomenon is called Rouleaux formation.
Which of the following is the most common cause of venous stasis ulcer formation on the distal medial calf?<br><br><b>A:</b> insufficiency in the posterior tibial perforators and the posterior arch vein<br><b>B:</b> insufficiency in the proximal thigh perforators and the great saphenous vein<br><b>C:</b> insufficiency in the paratibial perforators and the posterior arch vein<br><b>D:</b> insufficiency in the distal thigh perforators and the great saphenous vein	<b>Answer:</b> A. insufficiency in the posterior tibial perforators and the posterior arch vein<br><br><b>Feedback:</b><br>Insufficiency in the posterior tibial perforators and the posterior arch vein most commonly leads to venous stasis ulcer<br>formation on the distal medial calf.
A thrombus is identified in the soleal veins of the calf. The thrombus will propagate into what calf veins first?<br><br><b>A:</b> posterior tibial and peroneal<br><b>B:</b> peroneal, posterior tibial and anterior tibial<br><b>C:</b> anterior tibial<br><b>D:</b> great saphenous	<b>Answer:</b> A. posterior tibial and peroneal<br><br><b>Feedback:</b><br>When answering questions regarding clot propagation, consider what vessel is proximal to the clot. When answering questions<br>regarding distal flow changes due to a proximal clot, consider what vessel is emptying blood into the vessel with the clot.<br>The soleal vessels drain into the peroneal and posterior tibial veins of the calf. A clot in the soleal veins will first extend into the<br>posterior tibial and peroneal veins.
It is not possible to evaluate and document valvular insufficiency with only:<br><br><b>A:</b> PW Doppler evaluation<br><b>B:</b> Plethysmography<br><b>C:</b> Color Doppler Evaluation<br><b>D:</b> 2D real time imaging	<b>Answer:</b> D. 2D real time imaging<br><br><b>Feedback:</b><br>The black and white 2D images are not capable of demonstrating blood flow characteristics. Venous valve movement may be<br>assessed in 2D but this does not help quantify valvular incompetence.
Which of the following changes in flow can be seen with a Baker cyst?<br><br><b>A:</b> continuous flow in the popliteal vein<br><b>B:</b> continuous flow in the popliteal artery<br><b>C:</b> pulsatile flow in the superficial femoral vein<br><b>D:</b> pulsatile flow in the popliteal vein	<b>Answer:</b> A. continuous flow in the popliteal vein<br><br><b>Feedback:</b><br>A Baker cyst can cause pain and swelling in the popliteal fossa. The extrinsic compression of the popliteal vein by the cyst can<br>lead to a continuous flow pattern, blood stasis and DVT formation. The arterial walls are muscular and can prevent the effects of<br>extrinsic compression on the popliteal artery.
Lymphedema is commonly related to:<br><br><b>A:</b> Leriche syndrome<br><b>B:</b> a history of radiation therapy or cancer<br><b>C:</b> a pulmonary embolism<br><b>D:</b> peripheral arterial disease	<b>Answer:</b> B. a history of radiation therapy or cancer<br><br><b>Feedback:</b><br>Lymphedema occurs due to an obstructed lymphatic system. It can be caused by many things, but is commonly seen with<br>infection, injury, trauma, or cancer that affects the lymphatic system. Radiation therapy or removal of lymph nodes related to<br>cancer can also cause lymphedema.
Which of the following cardiac abnormalities will have no effect on venous flow characteristics in the lower extremities?<br><br><b>A:</b> significant tricuspid regurgitation<br><b>B:</b> severe tricuspid stenosis<br><b>C:</b> premature ventricular contractions<br><b>D:</b> congestive heart failure	<b>Answer:</b> C. premature ventricular contractions<br><br><b>Feedback:</b><br>Premature ventricular contractions are a type of cardiac arrhythmia. A PVC will cause smaller ectopic contractions before a<br>larger compensatory contraction. This abnormality alone will not affect venous flow characteristics in the extremities. The other<br>choices lead to a backlog of flow in the IVC. When the IVC/iliac veins are dilated and engorged with blood, the cardiac pulsatility<br>is transmitted further away from the heart due to the ripple effect.
A venous insufficiency exam is performed for a patient with multiple varicosities. The deep system is found to be competent, but there is insufficiency present in the great saphenous vein. Which of the following statements regarding the findings is true?<br><br><b>A:</b> Venous insufficiency is normal in the superficial veins when varicosities are present.<br><b>B:</b> The multiple varicosities are primary varicosities.<br><b>C:</b> The multiple varicosities are primary and secondary varicosities.<br><b>D:</b> The multiple varicosities are secondary varicosities.	<b>Answer:</b> B. The multiple varicosities are primary varicosities.<br><br><b>Feedback:</b><br>Varicosities with superficial venous insufficiency related to deep venous system disease = secondary varicosities<br>Varicosities with incompetent valves causing superficial venous insufficiency and normal deep system = primary varicosities.
What is the most accurate sonographic indicator for the presence of DVT?<br><br><b>A:</b> flow abnormalities found with Color Doppler<br><b>B:</b> lack of compressibility<br><b>C:</b> loss of augmentation response<br><b>D:</b> flow abnormalities found with PW Doppler	<b>Answer:</b> B. lack of compressibility<br><br><b>Feedback:</b><br>The most accurate sonographic indicator for the presence of DVT is non-compressibility of the vein.
Which of the following is related to chronic DVT?<br><br><b>A:</b> Swelling and erythema<br><b>B:</b> Dry ulceration<br><b>C:</b> Wet ulceration<br><b>D:</b> Engorged, non-compressible vein	<b>Answer:</b> C. Wet ulceration<br><br><b>Feedback:</b><br>Ulcerations take time to form. They are a sign of chronic venous disease. Venous ulcers are and mildly painful. Arterial ulcers<br>more painful and dry.
Which of the following carries an increased risk of pulmonary embolism?<br><br><b>A:</b> portal vein thrombosis<br><b>B:</b> thrombus accumulation in an aortic aneurysm<br><b>C:</b> renal vein thrombosis<br><b>D:</b> common femoral artery thrombosis	<b>Answer:</b> C. renal vein thrombosis<br><br><b>Feedback:</b><br>A clot in the systemic venous system can break loose and travel to the lungs. The renal veins drain into the IVC. The portal<br>system does not directly communicate with the systemic veins, so a clot in the portal vein cannot lead to pulmonary embolism.<br>An embolus in the arterial system will only travel until it becomes lodged in a smaller distal artery and cause ischemia.
"Which of the following statements is true regarding a partial venous obstruction?<br><br><b>A:</b> May cause continuous flow<br><b>B:</b> May cause phasic flow<br><b>C:</b> Usually results in significant flow reversal during Valsalva maneuver<br><b>D:</b> May cause increased volume of flow seen with distal augmentation<br><br><img src=""q91.jpg"" alt=""Question 91 image"">"	<b>Answer:</b> A. May cause continuous flow<br><br><b>Feedback:</b><br>Partial DVT will decrease the flexibility of the venous wall causing a more continuous/less phasic flow pattern. Insufficiency is<br>assessed using the Valsalva maneuver. The maneuver does not provide pertinent information related to the diagnosis of a<br>partial DVT.
A patient presents with intermittent left lower leg swelling for several months. The popliteal vein demonstrates a collapsed appearance with echogenic, thickened walls. These findings are most consistent with:<br><br><b>A:</b> acute femoral DVT<br><b>B:</b> chronic popliteal DVT<br><b>C:</b> vasculitis of the popliteal vein<br><b>D:</b> proximal venous stenosis	<b>Answer:</b> B. chronic popliteal DVT<br><br><b>Feedback:</b><br>Chronic DVT will become echogenic as it becomes more fibrous while attached to the vein wall. The fibrous material limits the<br>pliability of the walls leading to a semi-collapsed appearance. Acute femoral DVT would cause a dilated popliteal vein.
A patient presents with bilateral distention of the internal jugular veins and arm swelling. The lower extremities are normal on physical examination. These findings are most suggestive of:<br><br><b>A:</b> Congestive heart failure<br><b>B:</b> SVC Syndrome<br><b>C:</b> Subclavian steal syndrome<br><b>D:</b> Interrupted IVC	<b>Answer:</b> B. SVC Syndrome<br><br><b>Feedback:</b><br>SVC syndrome refers to the progressive obstruction of the SVC which causes venous dilatation of the upper extremities and<br>neck. Doppler evaluation of the bilateral internal jugular veins will demonstrate continuous flow patterns. Respiratory phasicity<br>and cardiac pulsatility will be lost in the bilateral IJVs due to the SVC obstruction.
"The red arrows on the image indicate which of the following:<br><br><b>A:</b> Temporal tap response<br><b>B:</b> Abnormal distal augmentation response<br><b>C:</b> Abnormal proximal augmentation response<br><b>D:</b> Cardiac pulsatility<br><br><img src=""q94.jpg"" alt=""Question 94 image"">"	<b>Answer:</b> B. Abnormal distal augmentation response<br><br><b>Feedback:</b><br>The red arrows demonstrate a significant amount of flow reversal following the rush of flow toward the heart. The patient has<br>venous insufficiency.
Which of the following portions of the leg would be swollen with chronic insufficiency?<br><br><b>A:</b> calf only<br><b>B:</b> ankle and calf, but not the foot<br><b>C:</b> foot and ankle, but not the calf<br><b>D:</b> calf, foot, ankle	<b>Answer:</b> B. ankle and calf, but not the foot<br><br><b>Feedback:</b><br>Swelling of the feet normally does not occur with venous disease (systemic or cardiac disease, yes)
Which of the following carries an increased risk of developing varicose veins?<br><br><b>A:</b> Oral contraceptive use<br><b>B:</b> Wearing compression stockings<br><b>C:</b> Sitting with legs elevated for long periods of time<br><b>D:</b> Wearing flat shoes instead of high heels	<b>Answer:</b> A. Oral contraceptive use<br><br><b>Feedback:</b><br>Oral contraceptive use will increase the risk of developing varicose veins. Family history, pregnancy and obesity also increase<br>the risk. The other three choices would reduce the risk of developing varicose veins.
A clot in the gastrocnemius veins will first propagate into what vessel(s)?<br><br><b>A:</b> popliteal vein<br><b>B:</b> deep femoral vein<br><b>C:</b> anterior tibial veins<br><b>D:</b> peroneal veins	<b>Answer:</b> A. popliteal vein<br><br><b>Feedback:</b><br>When answering questions regarding clot propagation, consider what vessel is proximal to the clot. When answering questions<br>regarding distal flow changes due to a proximal clot, consider what vessel is emptying blood into the vessel with the clot.<br>The gastrocnemius veins empty their blood into the popliteal vein in most patients. Gastrocnemius thrombosis will first extend<br>into popliteal vein.
"Which of the following is not an expected finding related to the abnormality displayed on the image?<br><br><b>A:</b> dilated posterior arch vein<br><b>B:</b> spontaneous flow in the distal great saphenous vein<br><b>C:</b> dilated paratibial perforators<br><b>D:</b> varicose veins in the calf<br><br><img src=""q98.jpg"" alt=""Question 98 image"">"	<b>Answer:</b> B. spontaneous flow in the distal great saphenous vein<br><br><b>Feedback:</b><br>Severe GSV reflux would most likely lead to the formation of varicosities distally. The paratibial perforators connect the GSV to<br>the PTVs. The GSV pressures will be increased and this will dilate the perforators. The posterior accessory saphenous vein<br>(posterior arch vein) empties into the GSV below the knee. If the GSV is dilated, the accessory vein will also dilate. Flow in the<br>superficial veins is not usually spontaneous. As the pressure in the GSV increases, there will be no flow toward the heart without<br>augmentation.
The mid left femoral vein appears to be occluded by hypoechoic, non- compressible thrombus. The popliteal vein is completely compressible. Which of the following Doppler waveform characteristics is expected from the popliteal vein?<br><br><b>A:</b> increased pulsatility<br><b>B:</b> normal response to distal augmentation of calf muscle<br><b>C:</b> decreased response to distal augmentation of calf muscle<br><b>D:</b> loss of respiratory phasicity	<b>Answer:</b> D. loss of respiratory phasicity<br><br><b>Feedback:</b><br>The flow response to the distal augmentation would most likely be decreased but NEVER augment a patient&#x27;s calf when an<br>acute DVT is diagnosed. The best answer is loss of respiratory phasicity because continuous flow is expected with the proximal<br>obstruction.
"Which of the following describes an abnormal response to proximal augmentation?<br><br><b>A:</b> Long venous refill time<br><b>B:</b> Flow reversal begins upon release of the augmentation maneuver<br><b>C:</b> No flow reversal occurs with proximal augmentation, but will occur with distal augmentation<br><b>D:</b> Flow reversal begins at the onset of the augmentation maneuver<br><br><img src=""q100.jpg"" alt=""Question 100 image"">"	<b>Answer:</b> D. Flow reversal begins at the onset of the augmentation maneuver<br><br><b>Feedback:</b><br>If the proximal thigh is squeezed while evaluating the distal GSV, flow reversal will occur as soon as you start to squeeze. The<br>Valsalva maneuver can also be used for proximal augmentation. Flow reversal begins at the start of the Valsalva strain.
Localized redness and warmth of the distal calf is most commonly associated with:<br><br><b>A:</b> Acute arterial occlusion of the popliteal artery<br><b>B:</b> Acute DVT formation in the popliteal vein<br><b>C:</b> Cellulitis<br><b>D:</b> Anterior compartment syndrome	<b>Answer:</b> C. Cellulitis<br><br><b>Feedback:</b><br>Redness and warmth are most commonly seen with cellulitis but can be a symptom of acute DVT.
Post-phlebitic Syndrome:<br><br><b>A:</b> refers to black discoloration of the toes caused by embolism from a AAA<br><b>B:</b> refers to valve damage in the veins after thrombus formation<br><b>C:</b> refers to the hair loss and thickened toenails that occur with chronic DVT<br><b>D:</b> will usually resolve within 2 weeks after treatment for DVT	<b>Answer:</b> B. refers to valve damage in the veins after thrombus formation<br><br><b>Feedback:</b><br>Post-phlebitic Syndrome refers to valve damage in the veins after thrombus formation. Varicosities form and insufficiency is<br>present.
"A patient presents with persistent calf pain after a recent biking accident and spending a few days on bed rest. After visual inspection of the right leg, what type of vascular exam should be performed?<br><br><b>A:</b> Soft tissue exam to rule out hematoma formation<br><b>B:</b> Segmental pressure exam<br><b>C:</b> Lower extremity arterial Doppler<br><b>D:</b> Lower extremity venous Doppler<br><br><img src=""q103.jpg"" alt=""Question 103 image"">"	<b>Answer:</b> D. Lower extremity venous Doppler<br><br><b>Feedback:</b><br>The significant difference in size demonstrates fluid accumulation in the swollen leg. The recent trauma and few days of stasis<br>while on bed rest most likely caused a DVT to form in the leg.
Which of the following is a long term treatment for DVT?<br><br><b>A:</b> venous ligation<br><b>B:</b> Heparin<br><b>C:</b> Lovenox<br><b>D:</b> Warfarin	<b>Answer:</b> D. Warfarin<br><br><b>Feedback:</b><br>Treatment for Acute DVT:<br>Subcutaneous shot of Lovenox immediately<br>Heparin administered for 5-10 days to stop the progression of the clot, but does not have clot lysing properties to decrease the<br>clot that has already formed<br>After Heparin dosage completed and recanalization has occurred, Warfarin is administered to prevent future clot formation<br>First DVT occurrence – Warfarin prescribed for 3 months<br>Recurrent DVT – Warfarin prescribed for 6+ months
Which of the following correctly describes DVT in the lower extremity?<br><br><b>A:</b> Recanalization of a thrombus usually occurs around 5 days after formation occurred.<br><b>B:</b> Acute thrombus will be completely rigid upon compression.<br><b>C:</b> Chronic thrombus will demonstrate complete coaptation of the venous walls upon compression.<br><b>D:</b> Heparin is used to treat a DVT due to its clot lysing properties.	<b>Answer:</b> A. Recanalization of a thrombus usually occurs around 5 days after formation occurred.<br><br><b>Feedback:</b><br>Recanalization of a thrombus usually occurs around 5 days after formation occurred. Heparin is used to treat a DVT because it<br>thins the blood and prevents further propagation of the clot. It does not have clot lysing properties. Acute thrombus will be<br>somewhat pliable upon compression. Chronic thrombus will be non-pliable upon compression.
The Valsalva maneuver is most useful when trying to assess which of the following?<br><br><b>A:</b> ECA/ICA differentiation<br><b>B:</b> DVT<br><b>C:</b> median arcuate syndrome<br><b>D:</b> Venous insufficiency	<b>Answer:</b> D. Venous insufficiency<br><br><b>Feedback:</b><br>In the lower extremities, the Valsalva maneuver increases intra-abdominal pressure and inhibits normal venous return to the<br>heart. If the venous valves are incompetent, flow reversal will be seen while the maneuver is applied.
"Venous ulcers are normally located on the _______________, while arterial ulcers are normally found on the ____________.<br><br><b>A:</b> calf, thigh<br><b>B:</b> heel, toes<br><b>C:</b> medial calf/ankle, toes and heel<br><b>D:</b> toes and heel, medial calf/ankle<br><br><img src=""q107.jpg"" alt=""Question 107 image"">"	<b>Answer:</b> C. medial calf/ankle, toes and heel<br><br><b>Feedback:</b><br>Venous ulcers are normally located on the distal calf, while arterial ulcers are normally found on the toes and heel.<br>Powered by ExamBuilder. Copyright ©2026<br>Powered by ExamBuilder. Copyright ©2026
