"What 2D artifact is demonstrated on the image?<br><br><b>A:</b> edge shadowing/defocusing<br><b>B:</b> edge enhancement<br><b>C:</b> side lobes<br><b>D:</b> mirror image<br><br><img src=""q1.png"" alt=""Question 1 image"">"	<b>Answer:</b> A. edge shadowing/defocusing<br><br><b>Feedback:</b><br>Caused by a reduction of reflection echoes by diffraction of the sound waves that touch the margin of a round boundary.<br>Commonly seen in transverse views of blood vessels.
What is the Framingham risk score?<br><br><b>A:</b> criteria used to determine appropriate use of physiologic testing<br><b>B:</b> gender specific criteria for estimation of 10 year risk of cardiovascular disease<br><b>C:</b> criteria used to determine appropriate use of vascular ultrasound<br><b>D:</b> gender specific criteria for estimation of 10 year risk of pulmonary embolism	<b>Answer:</b> B. gender specific criteria for estimation of 10 year risk of cardiovascular disease<br><br><b>Feedback:</b><br>Framingham risk score - gender specific criteria for estimation of 10 year risk of cardiovascular disease. Low scores indicate<br>screening exams are unnecessary . High scores may be appropriate for screening in some cases.
"Which of the following is the most likely explanation for findings displayed on the image?<br><br><b>A:</b> The superficial vessel is a mirror image artifact caused by the apex of the lung<br><b>B:</b> The subclavian artery is duplicated and both vessels demonstrate normal flow<br><b>C:</b> The deeper vessel is a mirror image artifact caused by the apex of the lung<br><b>D:</b> The normal subclavian artery is displayed with significant reflux demonstrated in the subclavian vein<br><br><img src=""q3.png"" alt=""Question 3 image"">"	<b>Answer:</b> C. The deeper vessel is a mirror image artifact caused by the apex of the lung<br><br><b>Feedback:</b><br>The deeper vessel is a mirror image artifact caused by the apex of the lung. The lung apex is located immediately posterior to<br>the subclavian artery and acts as a highly reflective acoustic interface that causes the mirror image artifact. Mirror image<br>artifacts cause the incorrect display of a duplicate structure deep to the actual structure. The subclavian artery could possibly be<br>duplicated but it is very rare.
"Which of the following statements best describes the reason why there is an absence of color flow in the vessel on the image?<br><br><b>A:</b> The color Doppler gain is set too low to detect the slower flow at the curve in the vessel.<br><b>B:</b> There is an occlusion present. Flow is demonstrated proximal to the lesion with collateral flow filling the distal portion of the vessel.<br><b>C:</b> The ultrasound beam is perpendicular to the motion of the blood so no flow is detected.<br><b>D:</b> The ultrasound beam is parallel to the motion of the blood so no flow is detected.<br><br><img src=""q4.png"" alt=""Question 4 image"">"	<b>Answer:</b> C. The ultrasound beam is perpendicular to the motion of the blood so no flow is detected.<br><br><b>Feedback:</b><br>2D imaging relies in perpendicular incidence of the beam for the best image. Doppler evaluation detects blood moving parallel<br>to the axis of the beam. If flow is moving perpendicular to the beam (90 degrees), no flow will be detected.
The brightness of the reflection on the Doppler tracing represents __________________.<br><br><b>A:</b> the number of red blood cells moving at each velocity displayed<br><b>B:</b> the time duration of the reflection<br><b>C:</b> the spatial pulse length of the reflection<br><b>D:</b> the frequency of the reflection	<b>Answer:</b> A. the number of red blood cells moving at each velocity displayed<br><br><b>Feedback:</b><br>The brightness of the reflection on the Doppler tracing represents the number of red blood cells moving at each velocity<br>displayed. It is directly related to the signal strength.
Which of the following is a disadvantage of magnetic resonance angiography compared to Doppler evaluation of the carotid arteries?<br><br><b>A:</b> Contrast is always required for patients with a history of renal disease.<br><b>B:</b> MRA of the carotid arteries can only be performed on patients who are not diabetic.<br><b>C:</b> Patients on anticoagulant therapy cannot undergo an MRA evaluation.<br><b>D:</b> MRA exams tend to overestimate the level of stenosis present.	<b>Answer:</b> D. MRA exams tend to overestimate the level of stenosis present.<br><br><b>Feedback:</b><br>MRA exams tend to overestimate the level of stenosis present when compared to Doppler findings. Contrast may be used on<br>the exam but is not always required. Certain patients are at a higher risk of renal failure from the contrast.
If a renal artery Doppler exam demonstrates normal flow and normal flow is identified on angiography evaluation, the US results are described as:<br><br><b>A:</b> false positive<br><b>B:</b> true negative<br><b>C:</b> false negative<br><b>D:</b> true positive	<b>Answer:</b> B. true negative<br><br><b>Feedback:</b><br>If the current exam is negative but the gold standard is positive = false negative results on current exam<br>If the current exam is positive but the gold standard is negative= false positive results on current exam<br>If the current exam is negative and the gold standard is negative = true negative results on current exam<br>If the current exam is positive and the gold standard is positive = true positive results on current exam
Abdominal Doppler exams are usually best performed with a frequency of _________MHz and Lower Extremity Arterial Duplex exams are usually best performed with a frequency of _____MHz.<br><br><b>A:</b> 2-4MHz, 5-7MHz<br><b>B:</b> 5-7MHz, 8-10MHz<br><b>C:</b> 1-3MHz, 5-7MHz<br><b>D:</b> 2-4MHz, 8-10MHz	<b>Answer:</b> A. 2-4MHz, 5-7MHz<br><br><b>Feedback:</b><br>Abdominal Doppler exams are usually best performed with a frequency of 2-4MHz and Lower Extremity Arterial Duplex exams<br>are usually best performed with a frequency of 5-7MHz.
"According to the Appropriate Use Criteria, which of the following is an inappropriate indication for an aortic duplex exam?<br><br><b>A:</b> 1 month follow up after endograft placement<br><b>B:</b> Lower extremity claudication<br><b>C:</b> Pulsatile abdominal mass<br><b>D:</b> Fever of unknown origin<br><br><img src=""q9.jpg"" alt=""Question 9 image"">"	<b>Answer:</b> D. Fever of unknown origin<br><br><b>Feedback:</b><br>Isolated findings of a fever of unknown origin is not an appropriate indication for any vascular ultrasound exam. It is a non-<br>specific symptom that has rarely been associated with vascular disease. Unilateral lower extremity symptoms can be caused by<br>iliac artery disease and bilateral symptoms can be related to aortic disease. A pulsatile abdominal mass is a clinical indication of<br>AAA. If endograft placement is performed to treat an AAA, the baseline exam should be performed within 1 month of the<br>procedure.
If new research shows that the minimum velocity criteria used to diagnose &gt;60% renal artery stenosis is actually 225cm/s, not 180cm/s, how will this affect the negative predictive value of the exam?<br><br><b>A:</b> no effect on the negative predictive value, only affects accuracy<br><b>B:</b> increase by 4.5%<br><b>C:</b> decrease by 4.5%<br><b>D:</b> decrease will vary with patient population	<b>Answer:</b> D. decrease will vary with patient population<br><br><b>Feedback:</b><br>Negative predictive value refers to the ability of an exam to correctly predict the absence of disease. Raising the peak velocity<br>required to identify a significant renal stenosis will decrease the negative predictive value. This occurs due to the increased<br>amount of patients that have a lower velocity but truly demonstrate &gt;60% stenosis in the renal artery.<br>The positive predictive value will increase for the renal Doppler exam because more patients will actually have significant<br>stenosis when their exam produces velocities above 225cm/s.
Which of the following explains why a patient can receive an US diagnosis of 70% ICA stenosis, but an angiography diagnosis of 50% ICA stenosis?<br><br><b>A:</b> There was most likely a difference in the patient&#x27;s cardiac output on the dates the two exams were performed.<br><b>B:</b> Angiography calculates the area stenosis and the US exam offers the diameter stenosis.<br><b>C:</b> Angiography only evaluates the longitudinal axis of vessel which can lead to over- or under-estimation of the stenosis.<br><b>D:</b> The patient has severe hyperlipidemia with acute disease progression between the two exams.	<b>Answer:</b> C. Angiography only evaluates the longitudinal axis of vessel which can lead to over- or under-estimation of the stenosis.<br><br><b>Feedback:</b><br>Angiography only evaluates the longitudinal axis of vessel, which can lead to over- or under-estimation of the stenosis. Only the<br>diameter stenosis can be estimated with this method. If the vessel is curved or tortuous, it can make estimation of stenosis<br>difficult on a longitudinal 2-dimensional angio image.
"Which of the following indicates the proper order for putting on personal protective equipment?<br><br><b>A:</b> goggles, gown, mask, gloves<br><b>B:</b> gloves, gown, mask, goggles<br><b>C:</b> gown, mask, goggles, gloves<br><b>D:</b> mask, goggles, gloves, gown<br><br><img src=""q12.jpg"" alt=""Question 12 image"">"	<b>Answer:</b> C. gown, mask, goggles, gloves<br><br><b>Feedback:</b><br>Before putting on PPE, always wash your hands first. When putting on PPE, the CDC recommends putting the gown on first,<br>then the mask, followed by goggles and finish with the gloves.
"What is indicated by the red arrows on this subcostal image?<br><br><b>A:</b> Abdominal Aorta<br><b>B:</b> Portal Vein<br><b>C:</b> IVC<br><b>D:</b> Mirror image artifact<br><br><img src=""q13.jpg"" alt=""Question 13 image"">"	<b>Answer:</b> D. Mirror image artifact<br><br><b>Feedback:</b><br>The connective tissue is very reflective which causes a mirror image of the heart, IVC and liver tissue.
Hyperostosis is a limitation of which exam?<br><br><b>A:</b> transcranial Doppler exam<br><b>B:</b> renal artery Doppler exam<br><b>C:</b> lower extremity venous Doppler exam<br><b>D:</b> lower extremity arterial Doppler exam	<b>Answer:</b> A. transcranial Doppler exam<br><br><b>Feedback:</b><br>Hyperostosis refers to the thickening of bones that is most commonly seen in women and older patients. The thicker bones<br>limit sound penetration during a transcranial duplex exam.
If new research shows that the minimum velocity criteria used to diagnose &gt;60% renal artery stenosis is actually 225cm/s, not 180cm/s, how will this affect the accuracy of the renal Doppler exam?<br><br><b>A:</b> increase by 4.5%<br><b>B:</b> increase will vary with patient population<br><b>C:</b> decrease will vary with patient population<br><b>D:</b> no effect on the accuracy, only affects positive and negative predictive value	<b>Answer:</b> B. increase will vary with patient population<br><br><b>Feedback:</b><br>Negative predictive value refers to the ability of an exam to correctly predict the absence of disease. Raising the peak velocity<br>required to identify a significant renal stenosis will decrease the negative predictive value. This occurs due to the increased<br>amount of patients that have a lower velocity but truly demonstrate &gt;60% stenosis in the renal artery.<br>The positive predictive value will increase for the renal Doppler exam because more patients will actually have significant<br>stenosis when their exam produces velocities above 225cm/s.<br>Accuracy will increase because of the increase in truly positive exams compared to the total number of exams. The more people<br>correctly diagnosed as positive, the greater the accuracy of an exam.
When considering the effectiveness of the carotid Doppler exam at your lab, the negative predictive value is 88%, the positive predictive value is 95%, the sensitivity is 85% and the specificity is 90%. Using those parameters, which of the following could be the value for the accuracy of the testing technique?<br><br><b>A:</b> 89%<br><b>B:</b> 92%<br><b>C:</b> 96%<br><b>D:</b> 84%	<b>Answer:</b> A. 89%<br><br><b>Feedback:</b><br>The accuracy of a technique falls between the NPV and PPV AND between the sensitivity and specificity. 89% is higher than<br>88%NPV and lower than 95%PPV; 89% is also higher than 85% sensitivity and lower than 90% specificity.
How do you adjust your technique to reduce or eliminate cross talk on a Doppler tracing?<br><br><b>A:</b> Use the same approach and incident angle but use a CW non-imaging probe<br><b>B:</b> Increase the PRF<br><b>C:</b> Turn down the Doppler gain<br><b>D:</b> Use a smaller sample size	<b>Answer:</b> C. Turn down the Doppler gain<br><br><b>Feedback:</b><br>The mirror image artifact on Doppler is caused by sampling close to a very reflective structure (bone) and by using a Doppler<br>angle near 90 degrees. If you use the same approach but switch to CW, the same issue will occur. To fix the issue, try a new<br>window that offers more space between the reflective structure and the artery, turn down the Doppler gain, or try a new<br>window where the vessel course is less perpendicular to the probe.
Which of the following correctly describes the specificity of a testing technique?<br><br><b>A:</b> If f the test result is negative specificity is the probability that the patient does not have disease<br><b>B:</b> The ability of a test to detect disease when it IS present.<br><b>C:</b> The ability of a test to rule out disease when it IS NOT present.<br><b>D:</b> If the test result is positive, specificity is the probability that the patient actually has the disease	<b>Answer:</b> C. The ability of a test to rule out disease when it IS NOT present.<br><br><b>Feedback:</b><br>Specificity - The ability of a test to rule out disease when it IS NOT present. The number of truly negative tests performed in the<br>current modality is compared to the negative tests diagnosed by the gold standard test
"Which type of image resolution makes it possible to differentiate the intimal media thickness from the outer arterial wall?<br><br><b>A:</b> lateral<br><b>B:</b> temporal<br><b>C:</b> axial<br><b>D:</b> elevational<br><br><img src=""q19.jpg"" alt=""Question 19 image"">"	<b>Answer:</b> C. axial<br><br><b>Feedback:</b><br>Axial resolution refers to the machine&#x27;s ability to resolve structures that are parallel to the ultrasound beam. Measuring the<br>anterior-posterior thickness of a structure, such as the wall thickness of an artery or the thickness of the gallbladder wall, relies<br>on the axial resolution of the system.
"______________________________ is defined as the time from onset of systole to the time peak systole occurs.<br><br><b>A:</b> acceleration time<br><b>B:</b> velocity time interval<br><b>C:</b> spatial pulse length<br><b>D:</b> resistive index<br><br><img src=""q20.jpg"" alt=""Question 20 image"">"	<b>Answer:</b> A. acceleration time<br><br><b>Feedback:</b><br>Acceleration time is defined as the time from onset of systole to the time peak systole occurs. It decreases as resistance<br>increases. Increased resistance causes a short time between the onset of systole and peak systole.
"When removing a protective gown:<br><br><b>A:</b> untie the strings, roll the gown upward from the bottom edge to turn it inside out, pull it from the shoulders and off the arms, remove your gloves, wash your hands<br><b>B:</b> untie the strings, pull the gown forward from the shoulders using the neck strings to turn it inside out as it is removed, remove your gloves, wash your hands<br><b>C:</b> remove your gloves, untie the strings, pull the gown forward from the shoulders using the neck strings, grab the inside shoulder seams to pull it off the arms and turn it inside out as it is removed, wash your hands<br><b>D:</b> remove your gloves, untie the strings, pull the gown forward from the center of the front of the gown to remove it with the exposed side out, roll it into a ball, wash your hands<br><br><img src=""q21.jpg"" alt=""Question 21 image"">"	<b>Answer:</b> C. remove your gloves, untie the strings, pull the gown forward from the shoulders using the neck strings, grab the inside shoulder seams to pull it off the arms and turn it inside out as it is removed, wash your hands<br><br><b>Feedback:</b><br>When removing a protective gown, remove your gloves, untie the strings, pull the gown forward from the shoulders using the<br>neck strings, grab the inside shoulder seams pull it off the arms and turn it inside out as it is removed, wash your hands.
"Which statement is true about the image?<br><br><b>A:</b> The red arrows are pointing to the anterior wall of the Baker&#x27;s cyst and the associated enhancement.<br><b>B:</b> The red arrows are pointing to the posterior wall of the Baker&#x27;s cyst and the associated shadowing.<br><b>C:</b> The red arrows are pointing to the posterior wall of the Baker&#x27;s cyst and the associated enhancement.<br><b>D:</b> The red arrows are pointing to the anterior wall of the Baker&#x27;s cyst and the associated shadowing.<br><br><img src=""q22_1.jpg"" alt=""Question 22 image""><br><br><img src=""q22_2.jpg"" alt=""Question 22 image"">"	<b>Answer:</b> A. The red arrows are pointing to the anterior wall of the Baker&#x27;s cyst and the associated enhancement.<br><br><b>Feedback:</b><br>The popliteal fossa is evaluated with a posterior transducer approach. The posterior border of the Baker&#x27;s cyst is demonstrated<br>most anterior on the image. The anterior border of the Baker&#x27;s cyst is demonstrated posteriorly on the image with increased<br>posterior enhancement.
"What adjustments can be made to improve the attached image of the Doppler tracing to make it of diagnostic quality?<br><br><b>A:</b> Decrease velocity scale<br><b>B:</b> Increase the sample volume size<br><b>C:</b> Lower the baseline<br><b>D:</b> Increase the sweep speed<br><br><img src=""q23.jpg"" alt=""Question 23 image"">"	<b>Answer:</b> C. Lower the baseline<br><br><b>Feedback:</b><br>Increase scale, Lower freq. probe, Change angle°, Adjust approach to decrease distance to vessel, Switch to CW.
A thrill is a normal clinical finding with _______________________, but an abnormal clinical finding with___________________________.<br><br><b>A:</b> recent iliac stent placement, a hemodialysis graft<br><b>B:</b> a hemodialysis fistula, recent iliac stent placement<br><b>C:</b> lower extremity vein graft, lower extremity prosthetic graft<br><b>D:</b> thoracic outlet syndrome, Raynaud syndrome	<b>Answer:</b> B. a hemodialysis fistula, recent iliac stent placement<br><br><b>Feedback:</b><br>A thrill is a normal clinical finding with hemodialysis AVF, but an abnormal clinical finding after any invasive procedure of the<br>lower extremity.
Which setting should be lowered to the minimum level when beginning to evaluate the patient using the orbital window?<br><br><b>A:</b> Output power<br><b>B:</b> Wall filter<br><b>C:</b> Velocity scale<br><b>D:</b> Doppler gain	<b>Answer:</b> A. Output power<br><br><b>Feedback:</b><br>The intensity of the sound beam passed through the eye should be set to the lowest level possible.
Which of the following correctly describes a surveillance exam?<br><br><b>A:</b> testing used to monitor known disease progression<br><b>B:</b> testing used to determine the presence or absence of disease in an asymptomatic patient<br><b>C:</b> the initial exam following vascular intervention/surgery that is usually done within first month after the procedure<br><b>D:</b> testing that leads to the initial diagnosis	<b>Answer:</b> A. testing used to monitor known disease progression<br><br><b>Feedback:</b><br>Screening examination: testing used to determine the presence or absence of disease in an asymptomatic patient<br>Baseline examination: testing that leads to the initial diagnosis or the initial exam following vascular intervention/surgery that is<br>usually done within first month after the procedure<br>Surveillance examination: testing used to monitor known disease progression; follow up exam timing is based on the time since<br>initial diagnosis or revascularization
If the Doppler cursor angle is underestimated, the velocity of the flow will be ____________________.<br><br><b>A:</b> be unaffected<br><b>B:</b> dependent solely on the strength of the frequency shift<br><b>C:</b> underestimated<br><b>D:</b> overestimated	<b>Answer:</b> C. underestimated<br><br><b>Feedback:</b><br>The Doppler angle of incidence is the angle at which the Doppler beam intersects the blood flow. The cursor angle is aligned<br>with the vessel walls. If this angle is underestimated, the velocity of the flow will be underestimated. If this angle is<br>overestimated, the velocity of flow will be overestimated.
If a renal artery Doppler exam demonstrates stenosis but normal flow is identified on angiography evaluation, the US results are described as:<br><br><b>A:</b> true positive<br><b>B:</b> false positive<br><b>C:</b> false negative<br><b>D:</b> true negative	<b>Answer:</b> B. false positive<br><br><b>Feedback:</b><br>If the current exam is negative but the gold standard is positive = false negative results on current exam<br>If the current exam is positive but the gold standard is negative= false positive results on current exam<br>If the current exam is negative and the gold standard is negative = true negative results on current exam<br>If the current exam is positive and the gold standard is positive = true positive results on current exam
"How can a Sonographer correct for blooming/blossoming on a spectral Doppler display?<br><br><b>A:</b> reduce the wall filter<br><b>B:</b> turn the Doppler gain down<br><b>C:</b> decrease the color Doppler velocity scale<br><b>D:</b> increase the color Doppler velocity scale<br><br><img src=""q29.jpg"" alt=""Question 29 image"">"	<b>Answer:</b> B. turn the Doppler gain down<br><br><b>Feedback:</b><br>Blooming or blossoming describes artifactual echoes displayed around a waveform shape. It is caused by over-gaining and can<br>lead to overestimation of the peak velocity. Properly adjusted gain will demonstrate a waveform of medium brightness and a<br>clear spectral window(if present).
The best obtainable angle of insonation for vascular evaluation that is most commonly used to provide Doppler shift information is_________degrees.<br><br><b>A:</b> 0<br><b>B:</b> 45<br><b>C:</b> 60<br><b>D:</b> 90	<b>Answer:</b> C. 60<br><br><b>Feedback:</b><br>The best angle of insonation to produce the most accurate Doppler shift information is 0 degrees. The best OBTAINABLE angle<br>of insonation of a blood vessel that is most commonly used to provide Doppler shift information is 60 degrees.
"Which of the following correctly describes the color displayed on the image?<br><br><b>A:</b> The heel-to-toe method can be used to change the course of the vessel across the image and this will allow the vessel to accurately display a single color<br><b>B:</b> The color scale should be reduced so that the entire vessel is filled with blue color.<br><b>C:</b> The color scale should be reduced so that the entire vessel is filled with red color.<br><b>D:</b> The red and blue colors indicate that flow is moving in two different directions simultaneously in the vessel<br><br><img src=""q31.jpg"" alt=""Question 31 image"">"	<b>Answer:</b> A. The heel-to-toe method can be used to change the course of the vessel across the image and this will allow the vessel to accurately display a single color<br><br><b>Feedback:</b><br>Color is displayed according to the direction the flow is moving in relation to the ultrasound beam. If the flow is perpendicular to<br>the beam, no color will be displayed. This color map indicates flow toward the transducer is red and away is blue. To improve<br>the color display in the image, the transducer should be angled (heel-to - toe) to demonstrate the vessel at a steeper angle<br>across the screen. This will eliminate the area without color display that is perpendicular to the beam. It will also allow all flow in<br>the vessel to be displayed as moving in the same direction.
The recommended sample size for PW Doppler evaluation of an artery is?<br><br><b>A:</b> 0.5mm<br><b>B:</b> 3-4mm<br><b>C:</b> 0.5cm<br><b>D:</b> 1-1.5mm	<b>Answer:</b> D. 1-1.5mm<br><br><b>Feedback:</b><br>Small sample sizes demonstrate a more specific location of the velocity detected.
What system setting would result in false-positive findings for reflux in the great saphenous vein?<br><br><b>A:</b> high color persistence settings<br><b>B:</b> high velocity scale settings<br><b>C:</b> high wall filter settings<br><b>D:</b> high frame rate	<b>Answer:</b> A. high color persistence settings<br><br><b>Feedback:</b><br>High color persistence settings may result in false-positive color-flow findings for reflux. Increasing color persistence increases<br>the amount of time the color is displayed on the image as blood flows. Increasing the color persistence can give the illusion of<br>significant reflux because the color display is prolonged.<br>High filter and velocity scale settings would result in less color display. A higher frame rate indicates a higher screen refresh<br>rate and no extension of display of the color.
"When wearing a protective gown and gloves:<br><br><b>A:</b> the open end of the gloves should be fitted under the wrist cuffs of the gown<br><b>B:</b> the open end of the gloves should be pulled over the wrist cuffs of the gown<br><b>C:</b> two pairs of gloves should be worn<br><b>D:</b> the open end of the gloves should not be touching the wrist cuffs of the gown<br><br><img src=""q34.jpg"" alt=""Question 34 image"">"	<b>Answer:</b> B. the open end of the gloves should be pulled over the wrist cuffs of the gown<br><br><b>Feedback:</b><br>When wearing a protective gown and gloves the open end of the gloves should be pulled over the wrist cuffs of the gown. The<br>hands and arms are then fully protected.
Which of the following Doppler information is necessary to calculate the resistive index?<br><br><b>A:</b> peak systolic velocity, average flow velocity and end diastolic velocity<br><b>B:</b> peak systolic velocity and peak diastolic velocity<br><b>C:</b> peak systolic velocity and end diastolic velocity<br><b>D:</b> peak systolic velocity before and after a stenosis	<b>Answer:</b> C. peak systolic velocity and end diastolic velocity<br><br><b>Feedback:</b><br>The resistive index = PSV - EDV / PSV
Which of the following will maintain compliance with the ALARA principle?<br><br><b>A:</b> reducing overall gain<br><b>B:</b> reducing the number of images taken in standard protocol<br><b>C:</b> reducing transducer frequency<br><b>D:</b> reducing the amount of protected information given to the patient	<b>Answer:</b> B. reducing the number of images taken in standard protocol<br><br><b>Feedback:</b><br>As Low As Reasonably Achievable refers the exposure to ultrasound. Minimizing the number of standard images taken on each<br>patient will reduce the exam time and exposure. Reducing frequency and gain do not affect the intensity/exposure time.
"What should be done to adjust and improve the color displayed on the attached image?<br><br><b>A:</b> Decrease color baseline<br><b>B:</b> Steer color box<br><b>C:</b> Increase PRF<br><b>D:</b> Increase velocity scale<br><br><img src=""q37.jpg"" alt=""Question 37 image"">"	<b>Answer:</b> B. Steer color box<br><br><b>Feedback:</b><br>The goal for color Doppler processing is to demonstrate blood that is moving in a direction parallel to the US beam. Vessels<br>displayed in longitudinal plane are more perpendicular to the beam. By angling the probe and the color box you cause the flow<br>to be more parallel to the beam. Color Doppler display improves when the flow is more parallel in relationship to the beam.
What is the gold standard method of diagnosing temporal arteritis?<br><br><b>A:</b> duplex ultrasound<br><b>B:</b> biopsy<br><b>C:</b> CTA<br><b>D:</b> MRA	<b>Answer:</b> B. biopsy<br><br><b>Feedback:</b><br>Biopsy of the temporal artery is the gold standard method of diagnosis for temporal arteritis.
What can be done to improve the visualization of the anterior aortic wall?<br><br><b>A:</b> scan from a more lateral approach<br><b>B:</b> center the probe with the ultrasound beam perpendicular to the aortic wall<br><b>C:</b> increase the compression<br><b>D:</b> decrease the threshold setting.	<b>Answer:</b> B. center the probe with the ultrasound beam perpendicular to the aortic wall<br><br><b>Feedback:</b><br>Perpendicular incidence of the beam to the reflector will increase specular reflection. Increasing the amount of specular<br>reflection will improve the visibility of the anterior aortic wall. 2D imaging relies on perpendicular incidence of the beam to the<br>structure while Doppler imaging relies on parallel incidence of the beam to the blood flow.
"According to the Appropriate Use Criteria, which of the following is NOT a valid exam indication for a duplex exam on a hemodialysis fistula?<br><br><b>A:</b> Inability to cannulate at dialysis<br><b>B:</b> palpable thrill at the fistula site<br><b>C:</b> 1 month follow up baseline exam post-intervention<br><b>D:</b> ipsilateral arm swelling<br><br><img src=""q40.jpg"" alt=""Question 40 image"">"	<b>Answer:</b> B. palpable thrill at the fistula site<br><br><b>Feedback:</b><br>Hemodialysis fistulas and grafts will normally demonstrate a thrill over the connection site in the arm. Absence of the thrill can<br>indicate an occlusion of the fistula/graft.
"When a clot is present on a venogram, how does it appear on the image?<br><br><b>A:</b> &quot;empty&quot; vein with no contrast opacification<br><b>B:</b> dark solid area within the vein<br><b>C:</b> similar to a calcification, very echogenic<br><b>D:</b> complex mass obstructing contrast flow<br><br><img src=""q41.jpg"" alt=""Question 41 image"">"	<b>Answer:</b> A. &quot;empty&quot; vein with no contrast opacification<br><br><b>Feedback:</b><br>Iodinated contrast is injected into the venous system at the foot. The contrast will fill any vein that is patent. Thrombus will<br>prevent the vein from filling with contrast.
Which of the following requires a Doppler cursor angle of 60 degrees or less for accurate reporting of numerical values?<br><br><b>A:</b> peak systolic velocity<br><b>B:</b> resistive index<br><b>C:</b> pulsatility index<br><b>D:</b> S/D ratio	<b>Answer:</b> A. peak systolic velocity<br><br><b>Feedback:</b><br>The resistive index, pulsatility index and S/D ratios are not dependent on the Doppler cursor angle for accurate calculations.<br>Because the values reported are ratios and not velocities, Doppler angle is not relevant to the results of the calculations. When<br>the peak systolic or diastolic velocities of flow are reported, the Doppler cursor angle must be used to calculate and report<br>accurate values.
"What can be done to reduce the spectral broadening on the image?<br><br><b>A:</b> decrease rejection<br><b>B:</b> decrease Doppler Gain<br><b>C:</b> decrease the PRF<br><b>D:</b> decrease wall filter<br><br><img src=""q43.jpg"" alt=""Question 43 image"">"	<b>Answer:</b> B. decrease Doppler Gain<br><br><b>Feedback:</b><br>The image is significantly over-gained. The other choices would only increase the appearance of low frequency reflections/noise.
"According to the Appropriate Use Criteria, which of the following is an appropriate indication for an renal artery duplex exam?<br><br><b>A:</b> Bilateral renal enlargement<br><b>B:</b> Unilateral renal enlargement<br><b>C:</b> Hypertension in a young person (age &lt;35 years)<br><b>D:</b> Peripheral arterial disease with well controlled hypertension<br><br><img src=""q44.jpg"" alt=""Question 44 image"">"	<b>Answer:</b> C. Hypertension in a young person (age &lt;35 years)<br><br><b>Feedback:</b><br>Uncontrollable or excessively high blood pressure (&gt;160/80mmHg) are common indications for a renal artery duplex because<br>the kidneys can raise the BP is their arterial flow is limited by stenosis. Hypertension in younger patients can be a sign of RAS,<br>usually due to fibromuscular dysplasia. Discrepancy in kidney size can be a sign of RAS. Chronic stenosis can cause atrophy of<br>the kidney that has limited arterial inflow. RAS can be the cause for kidneys that differ in length by more than 2cm .<br>***The appropriate use criteria offers common sense reasons for ordering exams. When evaluating these questions, consider<br>the effectiveness of the exam in providing a diagnosis. We do not recommend that you attempt to memorize all indications.
"Which of the following exams is typically performed without angle correction on Doppler evaluation?<br><br><b>A:</b> TIPS evaluation<br><b>B:</b> aorta duplex<br><b>C:</b> IVC duplex<br><b>D:</b> renal artery duplex<br><br><img src=""q45.jpg"" alt=""Question 45 image"">"	<b>Answer:</b> C. IVC duplex<br><br><b>Feedback:</b><br>Any Doppler exam that requires measurement of blood flow velocity requires angle correction to obtain an accurate velocity.<br>This includes all arterial exams and TIPS evaluations. A duplex exam of the IVC is used to assess patency and flow variation with<br>respiration and cardiac pulsatility. No velocity information is used in the IVC duplex exam.
What system control can reduce the appearance of clutter on a color Doppler image?<br><br><b>A:</b> decreasing color scale<br><b>B:</b> increasing color threshold<br><b>C:</b> increasing persistence<br><b>D:</b> decreasing color priority	<b>Answer:</b> D. decreasing color priority<br><br><b>Feedback:</b><br>Reducing color on an image can be done by decreasing color gain, increasing the PRF/color scale, reducing color persistence,<br>increasing rejection, increasing wall filter, reducing color threshold and reducing color priority.<br>Color Priority: Adjusts the threshold setting; Determines if a pixel is displayed as shade of gray, black or white or as a color;<br>Lower threshold settings display less color (lower color priority); Higher threshold settings display more color (higher color<br>priority); Necessary to minimize color flash(clutter) and improper placement of color on vessel walls
"What console control should be adjusted to improve the quality of the Doppler tracing?<br><br><b>A:</b> increase the PW Doppler scale<br><b>B:</b> adjust the placement of the Doppler cursor so it is more parallel to the blood flow<br><b>C:</b> reduce the wall filter setting<br><b>D:</b> raise the baseline<br><br><img src=""q47.jpg"" alt=""Question 47 image"">"	<b>Answer:</b> B. adjust the placement of the Doppler cursor so it is more parallel to the blood flow<br><br><b>Feedback:</b><br>This image can be improved in multiple ways. The Doppler cursor is nearly perpendicular to the flow in the vein. By moving the<br>Doppler cursor to the portion of the vessel on the left side of the image, the flow would be more parallel to the sound beam.<br>Steering the color box and cursor would also improve the angle of insonation. The highest quality and most accurate Doppler<br>tracing will be produced when the Doppler cursor is parallel to the flow.<br>The PW scale could be reduced to help the waveform fill the Doppler area and improve the display of the low flow velocities. The<br>wall filter could be increased to remove the low level arterial/artifactual Doppler information that appears on the top of the<br>baseline.
Pulsatility Index can be used to describe?<br><br><b>A:</b> the amount of blood vessel recoil<br><b>B:</b> the pressure gradient within a vessel<br><b>C:</b> the amount of variation in the velocity during the cardiac cycle<br><b>D:</b> amount of turbulence within a vessel	<b>Answer:</b> C. the amount of variation in the velocity during the cardiac cycle<br><br><b>Feedback:</b><br>The pulsatility index (PI) can be used to describe the amount of variation in the velocity during the cardiac cycle. High resistance<br>flow demonstrates higher PI values than low resistance flow.
"What is the cause of the vertical acoustic shadow seen on the images?<br><br><b>A:</b> electrical interference<br><b>B:</b> element damage<br><b>C:</b> air in the trachea<br><b>D:</b> patient motion<br><br><img src=""q49.jpg"" alt=""Question 49 image"">"	<b>Answer:</b> B. element damage<br><br><b>Feedback:</b><br>Note the vertical black stripe that originates at the face of the transducer. It is located in the same place on the image as you<br>scan different anatomy.
"Which of the following describes the correct way to measure the acceleration time for a renal artery waveform?<br><br><b>A:</b> place a caliper at the onset of the systolic upstroke and at the early systolic peak<br><b>B:</b> place a caliper at the true systolic peak and the end diastolic velocity<br><b>C:</b> place a caliper at the early systolic peak and the end diastolic velocity<br><b>D:</b> place a caliper at the onset of the systolic upstroke and at the true systolic peak<br><br><img src=""q50.jpg"" alt=""Question 50 image"">"	<b>Answer:</b> A. place a caliper at the onset of the systolic upstroke and at the early systolic peak<br><br><b>Feedback:</b><br>Resistive Index - place a caliper at the true systolic peak and the end diastolic velocity; Acceleration Time - place a caliper at the<br>onset of the systolic upstroke and at the early systolic peak
Resistive Index is a ratio utilized to quantify which of the following?<br><br><b>A:</b> phasicity of flow<br><b>B:</b> resistance to flow<br><b>C:</b> flow velocity<br><b>D:</b> turbulence of flow	<b>Answer:</b> B. resistance to flow<br><br><b>Feedback:</b><br>The resistive index compares the systolic and diastolic flow velocities to evaluate tissue resistance to blood flow. Helpful in<br>evaluation of renal parenchyma, liver parenchyma, and transplant evaluation.
"Review the image and the system settings listed along the right side. Use your mouse to position your cursor over the setting that should be adjusted to improve the diagnostic quality of the Doppler tracing. Click to set the cursor and confirm your answer.<br><br><img src=""q52.png"" alt=""Question 52 image"">"	<b>Answer:</b> Unavailable<br><br><b>Feedback:</b><br>Doppler settings should always be adjusted to allow the waveform to fill the display area. This allows for proper display and<br>measurement of waveform characteristics.
When you change the angle on the Doppler cursor, the ________________ also changes.<br><br><b>A:</b> flow velocity displayed<br><b>B:</b> amplitude of the reflected signal<br><b>C:</b> the volume of flow interrogated<br><b>D:</b> speed of sound in tissue	<b>Answer:</b> A. flow velocity displayed<br><br><b>Feedback:</b><br>Overestimating the angle between the beam and the blood flow = overestimated flow velocity<br>Underestimating the angle between the beam and the blood flow = underestimated flow velocity
"The image represents what Doppler artifact?<br><br><b>A:</b> Spectral broadening<br><b>B:</b> Laminar flow<br><b>C:</b> Aliasing<br><b>D:</b> Cross Talk<br><br><img src=""q54.jpg"" alt=""Question 54 image"">"	<b>Answer:</b> C. Aliasing<br><br><b>Feedback:</b><br>The waveform wraps around the baseline with the highest velocities displayed incorrectly on the underside of the baseline. This<br>issue is corrected by increasing the scale, use a lower freq. probe, change angle°, adjust approach to decrease distance to<br>vessel, switch to CW.
When you reduce angle correction to make the incident beam more parallel to the blood flow, how does the peak velocity displayed change?<br><br><b>A:</b> no change unless the patient is hypertensive<br><b>B:</b> increase<br><b>C:</b> decrease<br><b>D:</b> no change unless stenosis is present	<b>Answer:</b> B. increase<br><br><b>Feedback:</b><br>As the angle correction is used to make the beam more parallel to the blood flow, the angle between the beam and the flow<br>decreases. As the angle between the beam and the flow decreases, the Doppler shift increases (the more aligned the cursor is<br>to the flow direction, the higher the Doppler shift).
The Doppler tracing demonstrates electrical noise. How can you reduce or eliminate the artifact?<br><br><b>A:</b> Increase the wall filter settings<br><b>B:</b> Decrease wall filter settings<br><b>C:</b> Decrease the PRF<br><b>D:</b> Extend the cord to move the machine as far from the electrical outlet as possible	<b>Answer:</b> A. Increase the wall filter settings<br><br><b>Feedback:</b><br>Noise can be reduced by decreasing Doppler gain, increasing wall filter settings, or trying another wall outlet.
Which of the following parameters is displayed as the x-axis on a Doppler tracing?<br><br><b>A:</b> velocity<br><b>B:</b> speed<br><b>C:</b> motion<br><b>D:</b> time	<b>Answer:</b> D. time<br><br><b>Feedback:</b><br>Doppler shift frequencies are displayed on a tracing as a function of time; x axis = time, y axis = Doppler shift
In order to assess low velocity flow, which of the following operator adjustments should be made?<br><br><b>A:</b> decrease wall filter setting and compression<br><b>B:</b> increase scale setting<br><b>C:</b> decrease compression<br><b>D:</b> decrease the rejection and wall filter setting	<b>Answer:</b> D. decrease the rejection and wall filter setting<br><br><b>Feedback:</b><br>Decreasing the wall filter and rejection settings will increase the amount of low level Doppler shifts displayed on the tracing.<br>Venous flow is low velocity and demonstrates low level Doppler shifts.
"The patient being evaluated has a known cardiac arrhythmia. How would you adjust the Doppler controls to best display the arrhythmia?<br><br><b>A:</b> increase the PW Doppler scale<br><b>B:</b> reduce the sweep speed<br><b>C:</b> reduce the wall filter setting<br><b>D:</b> increase the sample size<br><br><img src=""q59_1.jpg"" alt=""Question 59 image""><br><br><img src=""q59_2.jpg"" alt=""Question 59 image"">"	<b>Answer:</b> B. reduce the sweep speed<br><br><b>Feedback:</b><br>When a cardiac arrhythmia is present, the sweep speed should be reduced to demonstrate more cardiac cycles on the tracing.<br>This will allow you to show a few normal cycles before and after the cycle affected by the arrhythmia.
Which of the following is a reason for lack of color fill in a transverse view of the distal femoral vein?<br><br><b>A:</b> filter settings too low<br><b>B:</b> calcified plaque in the distal femoral artery<br><b>C:</b> the presence of reflux<br><b>D:</b> scale settings too low	<b>Answer:</b> B. calcified plaque in the distal femoral artery<br><br><b>Feedback:</b><br>Significant calcification in the SFA will cause shadowing and limit the transmission of sound to tissues located deeper in the leg.<br>The femoral vein lies posterior to the SFA and the artifact could inhibit color flow information in the vein.<br>Low filter settings will allow the transducer to detect lower velocity signals such as venous flow. Low filter settings would<br>IMPROVE venous flow visualization. Increasing the filter settings could degrade color fill on the image. Venous flow detection<br>requires a low velocity scale. If a patient has reflux, the vein should be enlarged and flow easily detected.
If a renal artery Doppler exam demonstrates stenosis and stenosis is identified on angiography evaluation, the US results are described as:<br><br><b>A:</b> false positive<br><b>B:</b> true negative<br><b>C:</b> false negative<br><b>D:</b> true positive	<b>Answer:</b> D. true positive<br><br><b>Feedback:</b><br>If the current exam is negative but the gold standard is positive = false negative results on current exam<br>If the current exam is positive but the gold standard is negative= false positive results on current exam<br>If the current exam is negative and the gold standard is negative = true negative results on current exam<br>If the current exam is positive and the gold standard is positive = true positive results on current exam
When evaluating heavily calcified arteries, what system settings should be increased to improve the demonstration of flow in the vessels?<br><br><b>A:</b> color gain and angle of insonation<br><b>B:</b> velocity scale and persistence<br><b>C:</b> persistence and sensitivity<br><b>D:</b> frequency and output power	<b>Answer:</b> C. persistence and sensitivity<br><br><b>Feedback:</b><br>Arterial calcification can limit the 2D and color Doppler evaluation. To evaluate heavily calcified arteries use multiple imaging<br>planes, increase color Doppler gain, increase sensitivity and persistence levels. These changes in system settings should<br>increase the amount of color displayed.
"Which of the following is an appropriate indication for an extracranial arterial duplex exam?<br><br><b>A:</b> 3 month follow up to evaluate a carotid stent in stable patient<br><b>B:</b> Screening exam on a patient with low Framingham risk scoring and no other assessment<br><b>C:</b> Follow up exam 6 months after initial diagnosis on patient with &lt;50% ICA stenosis<br><b>D:</b> Hollenhorst plaque identified on retinal examination<br><br><img src=""q63.jpg"" alt=""Question 63 image"">"	<b>Answer:</b> D. Hollenhorst plaque identified on retinal examination<br><br><b>Feedback:</b><br>Hollenhorst plaque are evidence of arterial emboli and are identified on retinal examination. The carotid arteries should be<br>evaluated for the source of the plaque.<br>Screening exams are not recommended for patients with low Framingham risk scoring and no other assessment. They are<br>assumed to be at low risk of disease.<br>6 month follow up exams are usually reserved for patients with ICA stenosis that is 70% or greater.<br>In the first year after placement of a carotid stent, 1-month baseline exam and a 6-month follow up exam are recommended in<br>stable patients.<br>Regarding the Appropriate Use Criteria as a whole, the list of what is not appropriate is easier to commit to memory than what<br>is appropriate. Review both lists below.
"When a patient has multiple indications for an ultrasound exam, which one is used to determine appropriate use of vascular ultrasound testing?<br><br><b>A:</b> if a patient has multiple symptoms, the Appropriate Use Criteria is invalid<br><b>B:</b> the indication with the lowest score should be used to determine appropriate use<br><b>C:</b> all scores should be added together and divided by the number of indications<br><b>D:</b> the indication with the highest score should be used to determine appropriate use<br><br><img src=""q64.jpg"" alt=""Question 64 image"">"	<b>Answer:</b> D. the indication with the highest score should be used to determine appropriate use<br><br><b>Feedback:</b><br>If there is more than one indication for an exam, the indication with the highest score should be used to determine appropriate<br>use.
What is the gold standard evaluation technique for renal artery stenosis?<br><br><b>A:</b> MRA<br><b>B:</b> Angiography<br><b>C:</b> Ultrasound<br><b>D:</b> CTA	<b>Answer:</b> B. Angiography<br><br><b>Feedback:</b><br>Angiography is the gold standard evaluation technique for renal artery stenosis
If the stenosis/blockage reduces the vessel lumen to 1/2 of the normal vessel area, the velocity of flow at the stenosis must _________________to maintain the flow rate<br><br><b>A:</b> increase by 200%<br><b>B:</b> double<br><b>C:</b> decrease by 50%<br><b>D:</b> quadruple	<b>Answer:</b> B. double<br><br><b>Feedback:</b><br>If the stenosis/blockage reduces the lumen to 1/2 of the normal vessel area, the velocity of flow at the stenosis must double to<br>maintain the flow rate.
_____________________ is the gold standard in testing for arterial disease.<br><br><b>A:</b> Segmental Pressures with Duplex US<br><b>B:</b> Angiography<br><b>C:</b> Angioplasty<br><b>D:</b> Venography	<b>Answer:</b> B. Angiography<br><br><b>Feedback:</b><br>Arteriography is the most sensitive and specific test for assessment of arterial disease, but many complications reduce its<br>application. Aside from the issue of radiation exposure, the invasive nature causes increased risk of infection, abscess or<br>pseudoaneurysm formation. The iodine based contrast is also not tolerated by all patients.
The Appropriate Use Criteria were developed:<br><br><b>A:</b> to identify physicians and facilities that need further education on ordering procedures<br><b>B:</b> to provide guidance for when to use vascular ultrasound as a secondary exam to confirm a diagnosis<br><b>C:</b> by a collaboration of insurance companies seeking to streamline covered services<br><b>D:</b> while considering vascular ultrasound or physiologic testing by itself as a reasonable exam choice	<b>Answer:</b> D. while considering vascular ultrasound or physiologic testing by itself as a reasonable exam choice<br><br><b>Feedback:</b><br>the Appropriate Use Criteria for vascular ultrasound and physiologic testing was developed through the collaboration of several<br>vascular ultrasound and medical societies to improve efficiency and effectiveness of patient diagnosis and treatment. The most<br>common indications given for vascular ultrasound and physiologic testing were scored for appropriate use. Not all exam<br>indications were evaluated. The indications were scored while considering vascular ultrasound or physiologic testing by itself as<br>a reasonable exam choice.<br>Three categories used to classify indications:<br>7-9 points: Generally appropriate indication<br>4-6 points: May be appropriate or reasonable indication; situational consideration<br>1-3 points: Inappropriate or unreasonable indication<br>If there is more than one indication for an exam, the indication with the highest score should be used to determine appropriate<br>use
Which of the following has the greatest effect on resistance to blood flow?<br><br><b>A:</b> Two consecutive areas of 60% stenosis in a single artery<br><b>B:</b> A 60% stenosis in a single artery<br><b>C:</b> Two different arteries with 60% stenosis supplying the same organ<br><b>D:</b> All scenarios above would have the same variation in resistance	<b>Answer:</b> A. Two consecutive areas of 60% stenosis in a single artery<br><br><b>Feedback:</b><br>Stenoses in a series - multiple areas of stenosis in the same vessel will increase the resistance to flow more than a single<br>stenotic area; velocity and stenosis can be underestimated at the second stenosis<br>Stenoses in parallel - stenosis in different vessels coursing in the same direction (collaterals); has a lesser effect on resistance to<br>flow than series stenoses
"Which of the following describes the correct way to measure the resistive index for a renal artery waveform?<br><br><b>A:</b> place a caliper at the onset of the systolic upstroke and at the true systolic peak<br><b>B:</b> place a caliper at the early systolic peak and the end diastolic velocity<br><b>C:</b> place a caliper at the true systolic peak and the end diastolic velocity<br><b>D:</b> place a caliper at the onset of the systolic upstroke and at the early systolic peak<br><br><img src=""q70.jpg"" alt=""Question 70 image"">"	<b>Answer:</b> C. place a caliper at the true systolic peak and the end diastolic velocity<br><br><b>Feedback:</b><br>Resistive Index - place a caliper at the true systolic peak and the end diastolic velocity; Acceleration Time - place a caliper at the<br>onset of the systolic upstroke and at the early systolic peak
Which of the following correctly describes the sensitivity of a testing technique?<br><br><b>A:</b> If the test result is negative sensitivity is the probability that the patient does not have disease<br><b>B:</b> If the test result is positive, sensitivity is the probability that the patient actually has the disease<br><b>C:</b> The ability of a test to detect disease when it IS present.<br><b>D:</b> The ability of a test to rule out disease when it IS NOT present.	<b>Answer:</b> C. The ability of a test to detect disease when it IS present.<br><br><b>Feedback:</b><br>Sensitivity-The ability of a test to detect disease when it IS present. The number of truly positive tests performed in the current<br>modality is compared to the positive tests diagnosed by the gold standard test.
"When venous flow is slow, echogenic particles can be seen near the walls and in the valvular sinus. This phenomenon is called:<br><br><b>A:</b> misregistration artifact<br><b>B:</b> Virchow triad<br><b>C:</b> spontaneous contrast<br><b>D:</b> clutter artifact<br><br><img src=""q72.jpg"" alt=""Question 72 image"">"	<b>Answer:</b> C. spontaneous contrast<br><br><b>Feedback:</b><br>Slow moving red blood cells around the valve leaflets and near the vein walls can be mildly reflective. This phenomenon is called<br>spontaneous contrast.
Which of the following is a system adjustment that is made when changing from a lower extremity arterial exam to a lower extremity venous exam on the same patient?<br><br><b>A:</b> change the cursor angle to 30 degrees<br><b>B:</b> decrease transducer frequency<br><b>C:</b> reverse the color display baseline<br><b>D:</b> decrease Doppler scale	<b>Answer:</b> D. decrease Doppler scale<br><br><b>Feedback:</b><br>Venous flow is much lower velocity than arterial flow which requires a lower Doppler scale. The cursor angle does not need to<br>be used/adjusted for venous flow evaluation because flow velocity is not being recorded.
What change in system controls can reduce the appearance of color displayed over vessel walls?<br><br><b>A:</b> decreasing color priority<br><b>B:</b> increasing color threshold<br><b>C:</b> increasing persistence<br><b>D:</b> decreasing color PRF	<b>Answer:</b> A. decreasing color priority<br><br><b>Feedback:</b><br>Color Priority adjusts the threshold setting. It determines if a pixel is displayed as shade of gray, black or white or as a color.<br>Lower threshold settings reduce the display of color (lower color priority); Higher threshold settings display more color (higher<br>color priority); Necessary to minimize color flash/clutter and improper placement of color on vessel walls.
If there is no diastolic flow demonstrated on a Doppler tracing, what will the resistive index be?<br><br><b>A:</b> 0.5<br><b>B:</b> 0<br><b>C:</b> 1.0<br><b>D:</b> unable to calculate the RI, not enough information given	<b>Answer:</b> C. 1.0<br><br><b>Feedback:</b><br>The resistive index is calculated using the peak and end diastolic velocities measured on a Doppler tracing.<br>PSV - EDV / PSV<br>Example: PSV 50cm/s, EDV 0cm/s; 50 - 0 / 50 = 1.0
Which of the following Doppler angles would lead to the most significant error in estimation of flow velocity?<br><br><b>A:</b> 25<br><b>B:</b> 45<br><b>C:</b> 65<br><b>D:</b> 80	<b>Answer:</b> D. 80<br><br><b>Feedback:</b><br>The greater the Doppler angle, the greater the amount if error in the calculated velocity.
The parenchymal resistance ratio is calculated to assess perfusion of which of the following organs?<br><br><b>A:</b> brain<br><b>B:</b> kidney<br><b>C:</b> liver<br><b>D:</b> muscles	<b>Answer:</b> B. kidney<br><br><b>Feedback:</b><br>Parenchymal resistance ratio = EDV / PSV Used to evaluate the parenchymal resistance in a transplant kidney
Which of the following system control adjustments will increase the amount of color Doppler that is superimposed over the 2D image?<br><br><b>A:</b> decreased threshold and persistence<br><b>B:</b> increased wall filter and increased threshold<br><b>C:</b> increased threshold and increased persistence<br><b>D:</b> decreased persistence and increased wall filter	<b>Answer:</b> C. increased threshold and increased persistence<br><br><b>Feedback:</b><br>Threshold Control: AKA color priority; Sets the limits for where color will be displayed over the 2D image; Decreased threshold =<br>decreased color priority; Necessary to minimize color ghosting and improper placement of color on vessel walls<br>Persistence: increasing color persistence will increase the amount of time a color pixel is displayed over an area
"Which of the following Doppler measurements require(s) the waveform to be traced from start of systole to the end of diastole?<br><br><b>A:</b> resistive index<br><b>B:</b> pulsatility index<br><b>C:</b> S/D ratio<br><b>D:</b> acceleration time<br><br><img src=""q79.jpg"" alt=""Question 79 image"">"	<b>Answer:</b> B. pulsatility index<br><br><b>Feedback:</b><br>The pulsatility index compares the peak velocity to the mean velocity throughout one cardiac cycle. In order to obtain the mean<br>velocity, tracing of the waveform is required. The PI provides information of the resistance of the distal vascular bed.<br>The acceleration time is the time from the start of systole to the peak systolic velocity. It is measured by placing a single caliper<br>at the start of the systolic peak and at one the peak. The S/D ratio is the comparison of the peak systolic and end diastolic flow<br>velocity. It is measured by placing a single caliper at the peak systolic velocity and a single caliper at the end diastolic velocity. It<br>can be measured by tracing the waveform but it is not &quot;required&quot;. The resistive index uses the peak systolic and end diastolic<br>velocities to assess resistance in a vessel. A single caliper is placed at the peak systolic velocity and one at the end diastolic<br>velocity.
Vessel wall and plaque morphology are best evaluated in 2D when the beam is at what incident angle to the vessel?<br><br><b>A:</b> 0 degrees<br><b>B:</b> 45 degrees<br><b>C:</b> 60 degrees<br><b>D:</b> 90 degrees	<b>Answer:</b> D. 90 degrees<br><br><b>Feedback:</b><br>A perpendicular incidence of the beam to the vessel wall will provide the best reflection for the most accurate information<br>display on the 2D image. Doppler flow information is most accurate when the beam is parallel (0 degrees) to the flow<br>movement. The best obtainable Doppler angle is 60 degrees.
Priapism is an indication for what type of exam?<br><br><b>A:</b> upper extremity segmental pressure<br><b>B:</b> mesenteric duplex<br><b>C:</b> carotid duplex<br><b>D:</b> penile duplex	<b>Answer:</b> D. penile duplex<br><br><b>Feedback:</b><br>Priapism is a painful prolonged erection that occurs without sexual stimuli. It can be caused by veno occlusive disease in the<br>pelvic veins or an AV fistula in the pelvic region
If the stenosis/blockage reduces the vessel lumen to 1/4 of the normal vessel area, the velocity of flow at the stenosis must _________________to maintain the flow rate<br><br><b>A:</b> double<br><b>B:</b> decrease by 25%<br><b>C:</b> increase by 400%<br><b>D:</b> quadruple	<b>Answer:</b> D. quadruple<br><br><b>Feedback:</b><br>If the stenosis/blockage reduces the lumen to 1/4 of the normal vessel area, the velocity of flow at the stenosis must quadruple<br>to maintain the flow rate.
Which of the following correctly describes a screening exam?<br><br><b>A:</b> testing used to monitor known disease progression<br><b>B:</b> the initial exam following vascular intervention/surgery that is usually done within first month after the procedure<br><b>C:</b> testing used to determine the presence or absence of disease in an asymptomatic patient<br><b>D:</b> testing that leads to the initial diagnosis	<b>Answer:</b> C. testing used to determine the presence or absence of disease in an asymptomatic patient<br><br><b>Feedback:</b><br>Screening examination: testing used to determine the presence or absence of disease in an asymptomatic patient<br>Baseline examination: testing that leads to the initial diagnosis or the initial exam following vascular intervention/surgery that is<br>usually done within first month after the procedure<br>Surveillance examination: testing used to monitor known disease progression; follow up exam timing is based on the time since<br>initial diagnosis or revascularization
A ventilation quotient scan is used to evaluate a patient with suspected:<br><br><b>A:</b> pulmonary embolism<br><b>B:</b> DVT<br><b>C:</b> ICA occlusion<br><b>D:</b> portal vein thrombosis	<b>Answer:</b> A. pulmonary embolism<br><br><b>Feedback:</b><br>Ventilation Quotient Scan (VQ Scan) is used to evaluate the lung vasculature for filling defects and abnormalities in perfusion. It<br>is most commonly performed to assess possible pulmonary embolism. A VQ scan can also be used to evaluate regional lung<br>function in people with advanced pulmonary disease. If the VQ scan demonstrates a possible PE, a venous duplex exam and/or<br>echo will be ordered to identify the source of the thrombus.
"What causes the artifact demonstrated on the image?<br><br><b>A:</b> lack of perpendicular incidence between the transducer and blood flow<br><b>B:</b> evaluating vessels next to adjacent highly reflective structures<br><b>C:</b> bidirectional flow in vessel<br><b>D:</b> increased filter settings<br><br><img src=""q85.jpg"" alt=""Question 85 image"">"	<b>Answer:</b> B. evaluating vessels next to adjacent highly reflective structures<br><br><b>Feedback:</b><br>Cross talk is a type of mirror imaging artifact. It is caused by adjacent highly reflective structures, receiver gain settings too high<br>or incident Doppler angle near 90°.
Which of the following causes an increase in the resistive index(RI) of the distal common carotid artery?<br><br><b>A:</b> Valsalva maneuver<br><b>B:</b> aortic valve insufficiency<br><b>C:</b> proximal CCA stenosis<br><b>D:</b> proximal ICA stenosis	<b>Answer:</b> D. proximal ICA stenosis<br><br><b>Feedback:</b><br>An occlusion of the ICA will lead to increased resistance to the flow in the ipsilateral common carotid artery.
Which of the following is a correct statement describing the guidelines for wearing a mask?<br><br><b>A:</b> Wash your hands, put on gloves, hold the mask over your mouth by touching the front of the mask. tie the upper strings over your ears toward the top of your head and the bottom strings behind your neck<br><b>B:</b> Wash your hands, hold the mask over your mouth by touching the front of the mask. tie the upper strings over your ears toward the top of your head and the bottom strings behind your neck<br><b>C:</b> Wash your hands, tie the upper strings over your ears toward the top of your head and the bottom strings behind your neck<br><b>D:</b> Wash your hands, put on gloves, tie the upper strings over your ears toward the top of your head and the bottom strings behind your neck	<b>Answer:</b> C. Wash your hands, tie the upper strings over your ears toward the top of your head and the bottom strings behind your neck<br><br><b>Feedback:</b><br>Proper procedure for wearing a mask: Wash your hands, tie the upper strings over your ears toward the top of your head and<br>the bottom strings behind your neck. If a gown is required, it goes on next, followed by the gloves at the end. When finished,<br>remove the gloves first, and then untie the bottom strings, followed by the top strings. Do not touch the center part of mask.<br>Discard the mask properly and wash your hands.
"According to the Appropriate Use Criteria, which of the following is an appropriate indication for an lower extremity venous duplex exam for venous insufficiency?<br><br><b>A:</b> Suspected or diagnosed pulmonary hypertension<br><b>B:</b> Telangiectasia<br><b>C:</b> Positive D-dimer test<br><b>D:</b> Hyperpigmentation<br><br><img src=""q88.jpg"" alt=""Question 88 image"">"	<b>Answer:</b> D. Hyperpigmentation<br><br><b>Feedback:</b><br>Hyperpigmentation of the distal calf occurs with chronic venous insufficiency. The waste products in the venous blood that<br>pools in the calf are forced into the subcutaneous tissues by osmosis. Telangiectasia refers to dilated venules that appear as<br>tiny red/purple veins. They are also called spider veins. While these tiny veins can indicate venous stasis, their isolated<br>appearance has not been associated with insufficiency in the larger superficial veins.
Anticoagulant therapy is a contraindication for:<br><br><b>A:</b> cold immersion testing<br><b>B:</b> a segmental pressure exam<br><b>C:</b> a transcranial duplex exam<br><b>D:</b> ultrasound guided thrombin injection	<b>Answer:</b> D. ultrasound guided thrombin injection<br><br><b>Feedback:</b><br>Anticoagulant therapy is a contraindication for pseudoaneurysm treatment. The goal of compression therapy and thrombin<br>injection is to promote thrombus formation. Anticoagulant therapy works to reduce thrombus formation.
According to the Appropriate Use Criteria, which of the following is an inappropriate indication for an upper extremity arterial duplex exam?<br><br><b>A:</b> 1 month follow up baseline exam post-intervention<br><b>B:</b> unilateral arm swelling<br><b>C:</b> unilateral cold hand<br><b>D:</b> suspected positional arterial obstruction	<b>Answer:</b> B. unilateral arm swelling<br><br><b>Feedback:</b><br>Limb swelling is a common symptom of extremity venous disease, not arterial disease.
"Which artifact is demonstrated on the image?<br><br><b>A:</b> side lobes<br><b>B:</b> reverberation<br><b>C:</b> cross talk<br><b>D:</b> volume averaging<br><br><img src=""q91.jpg"" alt=""Question 91 image"">"	<b>Answer:</b> C. cross talk<br><br><b>Feedback:</b><br>The Doppler tracing displays a mirror image of the waveform on the opposite side of the baseline. This commonly occurs when<br>sampling vessels adjacent to a highly reflective structure like a bone.
"Which of the following system adjustments would increase the size of the spectral window?<br><br><b>A:</b> changing from a 2mm to 4mm sample size<br><b>B:</b> tortuous vessel<br><b>C:</b> decreasing rejection<br><b>D:</b> changing from a 4mm to 2mm sample size<br><br><img src=""q92.jpg"" alt=""Question 92 image"">"	<b>Answer:</b> D. changing from a 4mm to 2mm sample size<br><br><b>Feedback:</b><br>Smaller sample sizes will evaluate fewer red blood cells and demonstrate a narrower range of frequency shifts. Reducing the<br>sample size will display a larger spectral window beneath a narrow range of frequency shifts.
Which of the following should be increased when evaluating venous flow with color Doppler?<br><br><b>A:</b> wall filter<br><b>B:</b> output power<br><b>C:</b> color priority<br><b>D:</b> PRF	<b>Answer:</b> C. color priority<br><br><b>Feedback:</b><br>The threshold (priority) control is used to adjust the appearance of color Doppler. Increased threshold = increased color display.<br>Increasing the wall filter or the PRF will reduce the appearance of lower velocity flow. Changes to the power output on the<br>system will increase the beam intensity and penetration.
"According to the Appropriate Use Criteria, which of the following is an appropriate indication for an lower extremity venous duplex exam?<br><br><b>A:</b> Suspected or diagnosed pulmonary embolism<br><b>B:</b> Positive D-dimer test<br><b>C:</b> &gt; 4 days in the intensive care unit<br><b>D:</b> Screening after recent orthopedic surgery<br><br><img src=""q94.jpg"" alt=""Question 94 image"">"	<b>Answer:</b> A. Suspected or diagnosed pulmonary embolism<br><br><b>Feedback:</b><br>A LE venous duplex exam can be helpful in identifying a potential embolic source in a patient with suspected or diagnosed<br>pulmonary embolism. A positive D-dimer test can indicate DVT, but it can also indicate numerous unrelated abnormalities. The<br>lack of sensitivity of the D-dimer test makes it inappropriate indication for a LE venous duplex exam. A prolonged stay in ICU,<br>without other symptoms related to venous disease, is not been strongly associated with DVT formation. While patients with<br>recent hip or knee surgery do have an increased risk of developing DVT, a venous duplex exam is not recommended as a<br>screening exam for all post-surgical patients.
"Which two cursors would be used to measure the velocities used to calculate the resistive index for the flow in this renal artery tracing?<br><br><b>A:</b> yellow and red<br><b>B:</b> red and blue<br><b>C:</b> red and green<br><b>D:</b> blue and yellow<br><br><img src=""q95.jpg"" alt=""Question 95 image"">"	<b>Answer:</b> D. blue and yellow<br><br><b>Feedback:</b><br>The AT is measured by placing a cursor at the start of the systolic upstroke and at the early systolic peak (if present). The<br>velocities used to calculate the RI are measured by placing the cursor at the true peak systolic velocity and the end diastolic<br>velocity.
Which of the following describes how to properly set the color Doppler gain levels for an image?<br><br><b>A:</b> increase the gain until aliasing is noted and then decrease to just below that level<br><b>B:</b> increase the gain until blossoming is noted and then decrease to just below that level<br><b>C:</b> starting at a high setting with aliasing displayed, decrease the gain until only one color is displayed throughout the image<br><b>D:</b> starting at a low setting, increase the gain until only one color is displayed throughout the image	<b>Answer:</b> B. increase the gain until blossoming is noted and then decrease to just below that level<br><br><b>Feedback:</b><br>Proper color Doppler gain setting involves increasing the gain until blossoming is noted and then decreasing to just below that<br>level.<br>Aliasing is best resolved by increasing the color scale, not gain.
Which of the following would be the probe frequency of choice for a TCD exam?<br><br><b>A:</b> 2MHz<br><b>B:</b> 4MHz<br><b>C:</b> 7MHz<br><b>D:</b> 10MHz	<b>Answer:</b> A. 2MHz<br><br><b>Feedback:</b><br>TCD requires a low MHz probe to penetrate the skull.
Which of the following parameters is displayed as the y-axis on a Doppler tracing?<br><br><b>A:</b> motion<br><b>B:</b> frequency shift<br><b>C:</b> speed<br><b>D:</b> time	<b>Answer:</b> B. frequency shift<br><br><b>Feedback:</b><br>Doppler shift frequencies are displayed on a tracing as a function of time; x axis = time, y axis = Doppler shift; Velocity could also<br>be a correct answer, but speed is incorrect. Speed does not indicate the direction of the motion. Doppler evaluation provides<br>the speed and direction of the flow = velocity.
"What console controls should be adjusted to improve the image?<br><br><b>A:</b> increase the color Doppler scale<br><b>B:</b> increase the PW Doppler scale<br><b>C:</b> drop the baseline<br><b>D:</b> more than one of the above<br><br><img src=""q99.jpg"" alt=""Question 99 image"">"	<b>Answer:</b> D. more than one of the above<br><br><b>Feedback:</b><br>This image can be improved in multiple ways. There is color bleed outside the vessel on the color image. This indicates that the<br>color scale is too low and should be increased. The waveform should fill the PW Doppler tracing area. The PW Doppler scale<br>should be reduced to enlarge the waveform. The retrograde component of the flow is estimated at 50cm/s maximum velocity.<br>There is too much space under the baseline for the flow to be displayed. The baseline dropped for proper placement of the<br>waveforms in the display area.
Which of the following can be used to eliminate aliasing seen on a CW Doppler tracing?<br><br><b>A:</b> decrease probe frequency<br><b>B:</b> increase the scale<br><b>C:</b> adjust baseline, increase scale and decrease probe frequency<br><b>D:</b> none of the above	<b>Answer:</b> D. none of the above<br><br><b>Feedback:</b><br>Aliasing does not occur with a CW probe. The beam is not pulsed, so it is not limited by the pulse repetition frequency/Nyquist<br>limit.
Which of the following correctly describes the positive predictive value (PPV) of a testing technique?<br><br><b>A:</b> If the test result is negative, PPV is the probability that the patient does not have disease<br><b>B:</b> The ability of a test to detect disease when it IS present.<br><b>C:</b> The ability of a test to rule out disease when it IS NOT present.<br><b>D:</b> If the test result is positive, PPV is the probability that the patient actually has the disease	<b>Answer:</b> D. If the test result is positive, PPV is the probability that the patient actually has the disease<br><br><b>Feedback:</b><br>Positive Predictive Value-Calculates how often a positive study is correctly diagnosed; If the test result is positive, PPV is the<br>probability that the patient actually has the disease
"What is the proper procedure for removing soiled gloves?<br><br><b>A:</b> Pull the first glove off using the fingertip area, while keeping the dirty side out, and dispose of it. Repeat the process for the second glove.<br><b>B:</b> Pull the outer cuff of the first glove toward the fingers while turning it inside out. Place the removed glove in the contralateral gloved hand and pull the outer cuff of the second glove toward the fingers while turning it inside out and enclosing the first glove.<br><b>C:</b> Using sterile scissors, cut the glove across the back of the hand, peel it off and dispose. Repeat the process for the second glove.<br><b>D:</b> Using sterile scissors, cut the glove across the palm of the hand, peel it off and dispose. Repeat the process for the second glove.<br><br><img src=""q102.jpg"" alt=""Question 102 image"">"	<b>Answer:</b> B. Pull the outer cuff of the first glove toward the fingers while turning it inside out. Place the removed glove in the contralateral gloved hand and pull the outer cuff of the second glove toward the fingers while turning it inside out and enclosing the first glove.<br><br><b>Feedback:</b><br>When removing used/soiled gloves, proper disposal is important for infection control. Pull the outer cuff of the first glove<br>toward the fingers while turning it inside out. Place the removed glove in the contralateral gloved hand and pull the outer cuff of<br>the second glove toward the fingers while turning it inside out and enclosing the first glove. The end result should be a &quot;ball&quot; of<br>gloves with the 1st glove trapped inside the second and the inside of the gloves exposed (not the outside) when disposing of<br>them.
The arrow indicates what ultrasound phenomenon?<br><br><b>A:</b> Clutter<br><b>B:</b> Blood flow within the Vasa vasorum<br><b>C:</b> Cardiac pulsatility<br><b>D:</b> String sign	<b>Answer:</b> A. Clutter<br><br><b>Feedback:</b><br>Color flow is demonstrated outside the vessel wall due to increased gain settings and decreased filter settings. The machine is<br>detecting low amplitude reflections from the vessel wall motion caused by blood flow within the lumen. By adjusting the gain,<br>filter and even the velocity scale, this issue can be corrected.
"What should be done to adjust and improve the color Doppler displayed on the image?<br><br><b>A:</b> Increase PRF<br><b>B:</b> Increase velocity scale<br><b>C:</b> Steer box<br><b>D:</b> Decrease sample volume<br><br><img src=""q104.jpg"" alt=""Question 104 image"">"	<b>Answer:</b> D. Decrease sample volume<br><br><b>Feedback:</b><br>Color Doppler processing ability improves as the size of the area evaluated is decreased. The smaller sample size allows faster<br>frame rates and blood flow display. Increasing color velocity and PRF would decrease the amount of color currently displayed.
Which of the following will lead to more color displayed in real time in the abdominal aorta?<br><br><b>A:</b> decrease color threshold<br><b>B:</b> increase persistence<br><b>C:</b> decrease color gain<br><b>D:</b> increase sample size	<b>Answer:</b> B. increase persistence<br><br><b>Feedback:</b><br>Persistence settings determine how much of the previous image data is carried over into the current image frame. Increasing<br>this setting makes the live image appear smoother and with improved color display.
"According to the Appropriate Use Criteria, which of the following is an appropriate indication for a screening ankle-brachial index exam?<br><br><b>A:</b> Nocturnal pain or cramping with normal pulses on clinical exam<br><b>B:</b> Diabetic neuropathy with normal pulses<br><b>C:</b> Patient with low Framingham risk score<br><b>D:</b> 58yr old male with diabetes<br><br><img src=""q106.jpg"" alt=""Question 106 image"">"	<b>Answer:</b> D. 58yr old male with diabetes<br><br><b>Feedback:</b><br>Dedicated ABI exams are recommended as a screening tool in patients with a femoral bruit or diminished pulses, patients<br>&gt;50yrs with diabetes or smoking history and all patients over 70yrs of age..
"By dividing the pulsatility index proximal to a stenosis by the pulsatility index from distal to a stenosis, you can evaluate the:<br><br><b>A:</b> intraluminal diameter<br><b>B:</b> intraluminal area<br><b>C:</b> Reynolds number<br><b>D:</b> damping factor<br><br><img src=""q107.jpg"" alt=""Question 107 image"">"	<b>Answer:</b> D. damping factor<br><br><b>Feedback:</b><br>The damping factor describes the degree of attenuation of the Doppler signal caused by the stenosis. The PI will decrease distal<br>to the stenosis. The greater the stenosis, the lower the distal PI and greater the damping factor.
"Overgaining on an US exam can cause ________________________.<br><br><b>A:</b> overestimation of Doppler velocity<br><b>B:</b> increased posterior shadowing<br><b>C:</b> underestimation of arterial stenosis<br><b>D:</b> blood to appear anechoic<br><br><img src=""q108.jpg"" alt=""Question 108 image"">"	<b>Answer:</b> A. overestimation of Doppler velocity<br><br><b>Feedback:</b><br>Overgaining on a Doppler exam will cause a false increase is the peak velocity of the flow.
"What Doppler artifact is demonstrated on the tracing?<br><br><b>A:</b> Aliasing<br><b>B:</b> Ghosting<br><b>C:</b> Clutter<br><b>D:</b> Cross talk<br><br><img src=""q109.jpg"" alt=""Question 109 image"">"	<b>Answer:</b> D. Cross talk<br><br><b>Feedback:</b><br>Cross Talk is a type of mirror imaging. It is caused by adjacent highly reflective structures, receiver gain too high or incident<br>Doppler angle near 90°.
"What is the best way to adjust the console controls to eliminate the Doppler artifact?<br><br><b>A:</b> increase the PW Doppler scale<br><b>B:</b> increase the sweep speed<br><b>C:</b> raise the baseline<br><b>D:</b> turn down the Doppler gain<br><br><img src=""q110.jpg"" alt=""Question 110 image"">"	<b>Answer:</b> C. raise the baseline<br><br><b>Feedback:</b><br>The current settings have the baseline at 0 at the very bottom of the screen. Extremity arterial flow normally demonstrates<br>antegrade and retrograde flow. The baseline should be raised to demonstrate the flow moving in each direction.
Which of the following correctly describes the negative predictive value (NPV) of a testing technique?<br><br><b>A:</b> The ability of a test to rule out disease when it IS NOT present.<br><b>B:</b> The ability of a test to detect disease when it IS present.<br><b>C:</b> If the test result is positive, NPV is the probability that the patient actually has the disease<br><b>D:</b> If the test result is negative, NPV is the probability that the patient does not have disease	<b>Answer:</b> D. If the test result is negative, NPV is the probability that the patient does not have disease<br><br><b>Feedback:</b><br>Negative Predictive Value-Calculates how often a negative study is correctly diagnosed; If the test result is negative NPV is the<br>probability that the patient does not have disease.
"Which of the following imaging parameters is responsible for the ability to resolve two atheromas that are side by side in an artery?<br><br><b>A:</b> lateral resolution<br><b>B:</b> axial resolution<br><b>C:</b> dynamic range<br><b>D:</b> contrast resolution<br><br><img src=""q112.jpg"" alt=""Question 112 image"">"	<b>Answer:</b> A. lateral resolution<br><br><b>Feedback:</b><br>Lateral resolution allows for the differentiation of objects that are perpendicular to the beam. Lateral resolution allows for the<br>differentiation of objects that are side by side.
If a renal artery Doppler exam demonstrates normal flow, but stenosis is identified on angiography evaluation, the US results are described as:<br><br><b>A:</b> true negative<br><b>B:</b> true positive<br><b>C:</b> false negative<br><b>D:</b> false positive	<b>Answer:</b> C. false negative<br><br><b>Feedback:</b><br>If the current exam is negative but the gold standard is positive = false negative results on current exam<br>If the current exam is positive but the gold standard is negative= false positive results on current exam<br>If the current exam is negative and the gold standard is negative = true negative results on current exam<br>If the current exam is positive and the gold standard is positive = true positive results on current exam
Which of the following describes why there is no aliasing on CW Doppler?<br><br><b>A:</b> CW probes are always lower frequency than PW probes<br><b>B:</b> the PW transducer uses a single element and the CW transducer uses two elements<br><b>C:</b> CW Doppler does not require a sample volume to produce a Doppler waveform<br><b>D:</b> CW Doppler does not require beam steering to produce a Doppler waveform	<b>Answer:</b> B. the PW transducer uses a single element and the CW transducer uses two elements<br><br><b>Feedback:</b><br>CW Doppler uses separate elements for sending and receiving the sound waves. This allows for Doppler evaluation without<br>depth limitations.
Which modality is preferred to diagnose fibromuscular dysplasia in the circle of Willis?<br><br><b>A:</b> Transcranial Doppler<br><b>B:</b> MRI<br><b>C:</b> CTA<br><b>D:</b> Angiography	<b>Answer:</b> D. Angiography<br><br><b>Feedback:</b><br>Cerebral angiography provides the best detail for the lumen characteristics of the intracerebral arteries.
A proximal femoral artery stenosis will cause the __________________ in the mid femoral artery.<br><br><b>A:</b> Reynold&#x27;s number to decrease<br><b>B:</b> velocity to increase<br><b>C:</b> acceleration time to decrease<br><b>D:</b> acceleration time to increase	<b>Answer:</b> D. acceleration time to increase<br><br><b>Feedback:</b><br>Acceleration time refers to the time from the start of systole to peak systole. High resistance vessels have short acceleration<br>times. Low resistance vessels and areas distal to a stenosis will demonstrate longer acceleration times.
Which modality is preferred to diagnose an aortic dissection?<br><br><b>A:</b> Duplex ultrasound<br><b>B:</b> CTA<br><b>C:</b> Angiography<br><b>D:</b> MRI	<b>Answer:</b> B. CTA<br><br><b>Feedback:</b><br>CT scan is preferred for evaluation of AAA and dissection. The exam provides the best detail for the evaluation of aortic size and<br>lumen characteristics. All portions of the aorta can be seen with CT. Ultrasound can be limited by bony anatomy.
"What blood flow characteristic is being measured on the Doppler tracings provided?<br><br><b>A:</b> Resistive index<br><b>B:</b> Pulsatility index<br><b>C:</b> Acceleration time<br><b>D:</b> Peak systolic velocity<br><br><img src=""q118.jpg"" alt=""Question 118 image"">"	<b>Answer:</b> C. Acceleration time<br><br><b>Feedback:</b><br>Acceleration time refers to the time from the onset of systole to the peak systolic velocity. The higher the resistance, the shorter<br>the AT.
Which of the following correctly describes a gold standard test?<br><br><b>A:</b> A test that is preferred by most doctors to make a specific diagnosis<br><b>B:</b> A type of test that has been used for over 15 years to successfully diagnose disease when it is present<br><b>C:</b> A type of test that has been used for over 15 years to successfully diagnose rule out disease when it is absent<br><b>D:</b> An accepted test that is assumed to be able to determine the true disease state of a patient, regardless of positive or negative test findings	<b>Answer:</b> D. An accepted test that is assumed to be able to determine the true disease state of a patient, regardless of positive or negative test findings<br><br><b>Feedback:</b><br>Gold Standard Testing refers to an accepted test that is assumed to be able to determine the true disease state of a patient,<br>regardless of positive or negative test findings or sensitivities or specificities of other diagnostic tests used. As new diagnostic<br>methods become available, the &quot;gold standard&quot; test may change over time. For example, an aortogram used to be the gold<br>standard test for the diagnosis of aortic dissection, but today MRA has become the new &quot;gold standard&quot; test for aortic dissection<br>because it has the highest sensitivity and specificity levels.
The ability of PW Doppler to determine the _____________________________ is the primary advantage over CW Doppler techniques.<br><br><b>A:</b> location of stenosis in the vessel<br><b>B:</b> velocity of flow<br><b>C:</b> pulsatility of flow<br><b>D:</b> direction of flow	<b>Answer:</b> A. location of stenosis in the vessel<br><br><b>Feedback:</b><br>CW Doppler provides no depth resolution during Doppler evaluation. CW Doppler is preferred for higher velocities and deeper<br>flow evaluations. PW Doppler is able to provide velocity, pulsatility and location of a stenosis.
"________________________ aids in measurement of the acceleration time of the renal arteries.<br><br><b>A:</b> Using a lower frequency transducer<br><b>B:</b> Reducing rejection<br><b>C:</b> Increasing the PRF<br><b>D:</b> Increasing the sweep speed<br><br><img src=""q121.jpg"" alt=""Question 121 image"">"	<b>Answer:</b> D. Increasing the sweep speed<br><br><b>Feedback:</b><br>Faster sweep speeds produce wider waveforms on the display to facilitate easier and more accurate measurement of the AT.
What information from an angiography report can be correlated with the ultrasound results?<br><br><b>A:</b> areas of turbulent flow<br><b>B:</b> flow velocity<br><b>C:</b> diameter stenosis<br><b>D:</b> area stenosis	<b>Answer:</b> C. diameter stenosis<br><br><b>Feedback:</b><br>Angiography provides information on diameter stenosis of an artery because it produces a 2-dimensional longitudinal image of<br>vessels. Area stenosis cannot be evaluated without a transverse cut of the vessels. It is limited in that it can only estimate<br>diameter stenosis (no area stenosis), does not offer information on flow velocity, and cannot demonstrate areas of turbulent<br>flow
"The image displayed is from the PTA from an arterial Duplex exam with normal ABIs and minimal atherosclerosis. Which of the following explains the findings?<br><br><b>A:</b> Medial calcification is causing increased resistance to the flow causing a peaked appearance of the monophasic waveform.<br><b>B:</b> The Doppler gain is too low and pertinent information is not displayed.<br><b>C:</b> The wall filter is set too high and is removing pertinent information from the display.<br><b>D:</b> The waveform is normal and is consistent with the other findings of the exam.<br><br><img src=""q123.jpg"" alt=""Question 123 image"">"	<b>Answer:</b> C. The wall filter is set too high and is removing pertinent information from the display.<br><br><b>Feedback:</b><br>Anytime a peaked monophasic waveform is displayed, adjustments to the machine settings should be made to better evaluate<br>the flow for the diastolic flow components. Decrease the scale, adjust the baseline, decrease the rejection level or filter and<br>readjust probe.
Increasing the spectral Doppler sample size will increase the ___________________.<br><br><b>A:</b> Doppler shift<br><b>B:</b> size of the spectral window<br><b>C:</b> spectral broadening<br><b>D:</b> sweep speed	<b>Answer:</b> C. spectral broadening<br><br><b>Feedback:</b><br>Smaller Doppler sample volumes will produce a waveform with a larger spectral window because the smaller volume of cells<br>sampled are moving at similar speeds. Larger Doppler sample volumes will produce a waveform with a small or absent spectral<br>window because the larger volume of cells sampled are moving at varied speeds.
When the velocity of flow is calculated for vessels evaluated on a TCD exam, a ____________ degree angle of incidence is assumed.<br><br><b>A:</b> 60<br><b>B:</b> 0<br><b>C:</b> 45<br><b>D:</b> 30	<b>Answer:</b> B. 0<br><br><b>Feedback:</b><br>When the velocity of flow is calculated for vessels evaluated on a TCD exam, a 0-degree angle of incidence is assumed.
Which of the following is a complication of series stenosis in an artery?<br><br><b>A:</b> velocity and stenosis can be underestimated at the second stenosis<br><b>B:</b> velocity and stenosis can be overestimated at the second stenosis<br><b>C:</b> velocity and stenosis can be overestimated at the first stenosis<br><b>D:</b> velocity and stenosis can be underestimated at the first stenosis	<b>Answer:</b> A. velocity and stenosis can be underestimated at the second stenosis<br><br><b>Feedback:</b><br>Stenoses in a series - multiple areas of stenosis in the same vessel will increase the resistance to flow more than a single<br>stenotic area; velocity and stenosis can be underestimated at the second stenosis because of the drop in velocity after the first<br>stenosis<br>Stenoses in parallel - stenosis in different vessels coursing in the same direction (collaterals); has a lesser effect on resistance to<br>flow than series stenoses<br>Powered by ExamBuilder. Copyright ©2026
