Which of the following is an abnormal flow change caused by congestive heart failure?<br><br><b>A:</b> monophasic portal flow<br><b>B:</b> increased velocities in the bilateral common carotid arteries<br><b>C:</b> pulsatile flow in the proximal hepatic veins<br><b>D:</b> decreased ankle pressures	<b>Answer:</b> D. decreased ankle pressures<br><br><b>Feedback:</b><br>CHF reduces cardiac output that leads to biphasic portal vein flow, decreased velocities in the bilateral common carotid arteries,<br>and reduced ankle pressures. The hepatic veins normally demonstrate pulsatile or triphasic flow due to the ripple effect from<br>cardiac motion. This pulsatility increases with CHF.
When evaluating a focal stenosis of the femoral artery, where should you place the cursor to obtain the highest velocity related to the stenosis?<br><br><b>A:</b> immediately proximal to the focal point of the stenosis<br><b>B:</b> 1-2cm distal to the focal point of the stenosis<br><b>C:</b> at the narrowest point in the vessel or immediately distal to the focal point of the stenosis<br><b>D:</b> 1-2cm proximal to the focal point of the stenosis	<b>Answer:</b> C. at the narrowest point in the vessel or immediately distal to the focal point of the stenosis<br><br><b>Feedback:</b><br>When evaluating a focal stenosis of an artery, you should place the cursor at the narrowest point in the vessel or immediately<br>distal to the focal point of the stenosis to obtain the highest velocity related to the stenosis. It is important to move the Doppler<br>cursor through the stenotic area and out the other side to locate the peak velocity.
A patient complains of right leg pain and color changes in the leg. When he lies down, the right calf and foot become pale. When he stands up, the right calf and foot become reddened. The left leg is asymptomatic. These findings are most suggestive of:<br><br><b>A:</b> right popliteal stenosis<br><b>B:</b> deep venous reflux<br><b>C:</b> significant aortic obstruction<br><b>D:</b> significant right iliac stenosis	<b>Answer:</b> A. right popliteal stenosis<br><br><b>Feedback:</b><br>Pallor and dependent rubor are indications of significant arterial disease. The unilateral presentation indicates the obstruction<br>is blocking flow to just the right leg. Only the lower leg experiences the color change, so the blockage must be at the level of<br>knee = right popliteal stenosis is the most likely cause
Why does blood move into smaller collateral vessels when a larger vessel is occluded?<br><br><b>A:</b> the resistance to flow in the smaller collateral is lower than the resistance in the occluded vessel<br><b>B:</b> because of the significant drop in venous pressure<br><b>C:</b> the resistance to flow in the smaller collateral is higher than the resistance in the occluded vessel<br><b>D:</b> to compensate for loss of blood flow proximal to the obstruction	<b>Answer:</b> A. the resistance to flow in the smaller collateral is lower than the resistance in the occluded vessel<br><br><b>Feedback:</b><br>Collateral flow around an occlusion develops to compensate for the reduction in flow to the distal tissues. When the native<br>artery is patent, the resistance to flow is greater in the smaller arteries. When the larger artery is occluded, the resistance to<br>flow in the smaller collateral is lower than the resistance in the occluded vessel. Blood flow moves into the vessel with the least<br>resistance.
"You are performing a lower extremity arterial Doppler exam due to the increasing bilateral calf pain over the last few months. The images are taken from the proximal left and right external iliac arteries. These findings are most suggestive of:<br><br><b>A:</b> AV malformation at the right groin<br><b>B:</b> Leriche syndrome<br><b>C:</b> May-Thurner syndrome<br><b>D:</b> Paget-Schroetter syndrome<br><br><img src=""q5.png"" alt=""Question 5 image"">"	<b>Answer:</b> B. Leriche syndrome<br><br><b>Feedback:</b><br>Leriche syndrome refers to obstruction of the distal aorta. If both iliac arteries demonstrate post-stenotic flow patterns, there is<br>an obstruction proximally in the aorta.
Which of the following describes the abnormal response to papaverine injection during a penile impotence exam?<br><br><b>A:</b> Decreased dorsal venous outflow<br><b>B:</b> the PSV and EDV will increase post injection but dorsal venous flow will remain unchanged<br><b>C:</b> the PSV and EDV of the arterial inflow will decrease<br><b>D:</b> increased reflux in the veins in the scrotal varicocele	<b>Answer:</b> C. the PSV and EDV of the arterial inflow will decrease<br><br><b>Feedback:</b><br>Doppler evaluation includes assessment of the cavernous arteries with Doppler pre- and post- medication injection (papaverine<br>most common); normally the PSV and EDV will increase post injection but dorsal venous flow will remain unchanged.
"This patient would benefit the most from what type of exam?<br><br><b>A:</b> Arterial duplex exam<br><b>B:</b> Venous duplex exam<br><b>C:</b> Aortic duplex exam<br><b>D:</b> Renal artery duplex exam<br><br><img src=""q7.jpg"" alt=""Question 7 image"">"	<b>Answer:</b> A. Arterial duplex exam<br><br><b>Feedback:</b><br>The image demonstrates an ulceration on the foot that is dry, crusty, deep and with regular borders, which is consistent with an<br>ulcer caused by arterial ischemia. An arterial duplex exam will evaluate the arterial system of the leg for areas of stenosis or<br>occlusion and allow the surgeon to consider the best type of treatment (bypass or amputation).
What critical finding is associated with calf paresthesia, localized muscle weakness, pain when stretching calf muscles, and drop foot?<br><br><b>A:</b> post-phlebitic syndrome<br><b>B:</b> peripheral arterial disease<br><b>C:</b> anterior compartment syndrome<br><b>D:</b> popliteal entrapment	<b>Answer:</b> C. anterior compartment syndrome<br><br><b>Feedback:</b><br>Acute compartment syndrome is a medical emergency. It is usually caused by a severe injury and without intervention, it can<br>lead to permanent muscle damage. Symptoms of compartment syndrome include paresthesia, localized muscle weakness, pain<br>when stretching calf muscles, drop foot.
A patient presents for a lower extremity arterial exam with mild bilateral leg pain. The 2D evaluation demonstrates minimal diffuse atherosclerosis bilaterally. The Doppler waveforms from the arteries of both legs demonstrate biphasic waveforms with increased acceleration time. Which of the following could explain these findings?<br><br><b>A:</b> bilateral popliteal entrapment<br><b>B:</b> cardiac ejection fraction 30%<br><b>C:</b> cardiac ejection fraction 85%<br><b>D:</b> systemic hypertension	<b>Answer:</b> B. cardiac ejection fraction 30%<br><br><b>Feedback:</b><br>Bilateral decrease in lower extremity velocities can indicate a cardiac issue, especially in the absence of aortic or bilateral iliac<br>disease. An increased AT means lower resistance flow with a slower upslope. The conversion of a normal triphasic waveform to<br>a biphasic waveform also indicates lower resistance flow.<br>Popliteal entrapment syndrome is a functional issue where the artery becomes compressed with contraction of the calf<br>muscles, usually seen in runners. Symptoms of this disorder would be related to activity and would not normally produce<br>constant mild pain. An exercise arterial exam would be necessary to diagnose this issue.<br>Systemic HTN and increased EF% would cause a shorter (decreased) AT and the flow would remain high resistance with elevated<br>velocities.
The common femoral artery velocity is 0.8 m/s and the proximal femoral artery demonstrates atherosclerosis formation causing an increase in the velocity to 3.2 m/s. This indicates what level of stenosis?<br><br><b>A:</b> 50%<br><b>B:</b> 25%<br><b>C:</b> 75%<br><b>D:</b> 100%	<b>Answer:</b> C. 75%<br><br><b>Feedback:</b><br>When the velocity between two extremity arterial segments doubles, this indicates at least a 50% stenosis. When the velocity<br>between two extremity arterial segments quadruples, this indicates at least a 75% stenosis.
"You receive an order for an upper extremity arterial exam to rule out Buerger disease. What is the preferred method of evaluation?<br><br><b>A:</b> Evaluate the smaller arteries of the arm with Duplex and PPG techniques<br><b>B:</b> Evaluate the arteries of the shoulder for extrinsic compression with movement<br><b>C:</b> Evaluate the arterial flow at rest and with exercise<br><b>D:</b> Evaluate the hands for vascular changes with cold sensitivity testing<br><br><img src=""q11_1.jpg"" alt=""Question 11 image""><br><br><img src=""q11_2.jpg"" alt=""Question 11 image"">"	<b>Answer:</b> A. Evaluate the smaller arteries of the arm with Duplex and PPG techniques<br><br><b>Feedback:</b><br>Buerger disease refers to obstruction of the smaller arteries in the hands and feet. It is more common in males and smokers.<br>Because it tends to affect smaller vessels, PPG techniques are an important part of the exam to assess digital flow. Monophasic,<br>damped waveforms seen in the distal calf/arm vessels. Corkscrew collateral formation is a sign of this disorder - significantly<br>tortuous collateral formation.<br>Original Video - https://youtu.be/UvkQ9zwmUBo?si=hieYZrJgdV6g9yg4
What is the most common cardiac disorder associated with arterial embolism?<br><br><b>A:</b> cardiomyopathy<br><b>B:</b> Marfan syndrome<br><b>C:</b> myocardial infarction<br><b>D:</b> atrial fibrillation	<b>Answer:</b> D. atrial fibrillation<br><br><b>Feedback:</b><br>80-90% of arterial emboli are from a cardiac source. Atrial fibrillation can lead to clot formation in the left atrium. If the clot<br>breaks off, it can travel anywhere in the systemic arterial system. If the foramen ovale is patent, the clot could also travel into<br>the right heart and the pulmonary arteries.
Which of the following correctly describes thoracic outlet syndrome?<br><br><b>A:</b> PPG or PVR tracings can be used to evaluate a patient with suspected TOS<br><b>B:</b> Patients commonly experiencing dull, aching pain and paresthesia in the affected knee and ankle<br><b>C:</b> The Homan sign indicates a positive test result for TOS.<br><b>D:</b> The Tinel test is used during assessment for TOS.	<b>Answer:</b> A. PPG or PVR tracings can be used to evaluate a patient with suspected TOS<br><br><b>Feedback:</b><br>Patients with TOS commonly experiencing dull, aching pain and paresthesia in the affected shoulder/arm. PPG or PVR tracings<br>can be used to evaluate a patient with suspected TOS using specific maneuvers during testing. The Homan sign refers to pain in<br>the calf with quick dorsiflexion of the foot, seen with DVT. The Tinel sign indicates a damaged nerve at the wrist and is<br>associated with hypothenar hammer syndrome.
"An abnormality in which of the following vessels could be the cause of vasculogenic impotence?<br><br><b>A:</b> internal and external iliac arteries<br><b>B:</b> common and internal iliac arteries<br><b>C:</b> external iliac and femoral arteries<br><b>D:</b> aorta and gonadal arteries<br><br><img src=""q14.jpg"" alt=""Question 14 image"">"	<b>Answer:</b> B. common and internal iliac arteries<br><br><b>Feedback:</b><br>The external iliac artery supplies blood to the leg. The internal iliac artery supplies blood to the branches that supply the penis.<br>If there are flow abnormalities in the aorta, internal iliac artery or common iliac artery, this can lead to vasculogenic impotence.<br>The gonadal arteries originate from the aorta and supply blood to the scrotum and testicles.
Which of the following has no effect on the severity of an arterial stenosis?<br><br><b>A:</b> polycythemia vera<br><b>B:</b> peripheral resistance<br><b>C:</b> vessel radius<br><b>D:</b> valvular competence	<b>Answer:</b> D. valvular competence<br><br><b>Feedback:</b><br>The veins contain valves, not the arteries. Valvular incompetence will not affect arterial stenosis.
An AV malformation is most commonly caused by:<br><br><b>A:</b> hemodialysis access<br><b>B:</b> recent angiography procedure<br><b>C:</b> a congenital defect<br><b>D:</b> trauma	<b>Answer:</b> C. a congenital defect<br><br><b>Feedback:</b><br>An AVM is a congenital defect. An AVF is caused by trauma or an interventional procedure.
Paresthesia is defined as:<br><br><b>A:</b> an abnormal skin sensation, such as numbness or tingling<br><b>B:</b> loss of vision in one eye for a short period of time<br><b>C:</b> dizziness related to change in patient position<br><b>D:</b> loss of ability to move an extremity or other body part	<b>Answer:</b> A. an abnormal skin sensation, such as numbness or tingling<br><br><b>Feedback:</b><br>Paralysis is defined as loss of ability to move an extremity or other body part. Paresthesia refers to an abnormal skin sensation,<br>such as numbness or tingling.
A 70% stenosis in the proximal femoral artery will cause the __________________ in the mid femoral artery.<br><br><b>A:</b> acceleration time to decrease<br><b>B:</b> velocity to increase<br><b>C:</b> Reynold&#x27;s number to decrease<br><b>D:</b> acceleration time to increase	<b>Answer:</b> D. acceleration time to increase<br><br><b>Feedback:</b><br>Acceleration time refers to the time from the start of systole to peak systole. High resistance vessels have short acceleration<br>times. Low resistance vessels and areas distal to a stenosis will demonstrate longer acceleration times.
"The Scimitar sign is associated with:<br><br><b>A:</b> Bovine arch<br><b>B:</b> Adventitial cysts<br><b>C:</b> Median arcuate ligament syndrome<br><b>D:</b> Femoral to Femoral bypass graft<br><br><img src=""q19.jpg"" alt=""Question 19 image"">"	<b>Answer:</b> B. Adventitial cysts<br><br><b>Feedback:</b><br>The Scimitar sign is associated with adventitial cyst formation. The arterial lumen is compressed by the cyst and is said to look<br>like a scimitar (type of curved sword).
Adventitial cysts:<br><br><b>A:</b> most commonly affect the popliteal artery<br><b>B:</b> are usually treated with bypass graft placement<br><b>C:</b> are a normal variant that can be seen in up to 10% of patients<br><b>D:</b> are more common in women	<b>Answer:</b> A. most commonly affect the popliteal artery<br><br><b>Feedback:</b><br>Adventitial cysts are a rare condition that involves the collection of mucinous material within the adventitial wall layer of the<br>affected vessel. They predominantly affect the peripheral arteries with the popliteal artery most commonly affected. The cysts<br>are most common in young to middle-aged men. The can be treated by ultrasound guided cyst aspiration.
Patients with this risk factor have a greater incidence of atherosclerotic disease in walls of the vessels in the calf.<br><br><b>A:</b> Diabetes<br><b>B:</b> Raynaud syndrome<br><b>C:</b> Post-phlebitic syndrome<br><b>D:</b> Systemic HTN	<b>Answer:</b> A. Diabetes<br><br><b>Feedback:</b><br>Diabetic patients suffer from medial calcification of the blood vessel walls. This leads to increased resistance in the vessels and<br>decreased flow.
If there is a 75% stenosis of the distal axillary artery, which of the following arteries will demonstrate a triphasic waveform?<br><br><b>A:</b> subclavian<br><b>B:</b> radial<br><b>C:</b> ulnar<br><b>D:</b> brachial	<b>Answer:</b> A. subclavian<br><br><b>Feedback:</b><br>A 75% stenosis in the axillary artery will cause a significant loss of flow distally. The resistance in the distal vessels will drop and<br>the waveforms will become monophasic. The subclavian artery is proximal to the stenosis and will remain high resistance.
Which of the following is used to determine the capability of healing a wound or identify a site for amputation?<br><br><b>A:</b> Ascending venography<br><b>B:</b> Transcutaneous oximetry<br><b>C:</b> Sclerotherapy<br><b>D:</b> Photoplethysmography	<b>Answer:</b> B. Transcutaneous oximetry<br><br><b>Feedback:</b><br>Transcutaneous oximetry evaluates oxygen supply and consumption in the tissues surrounding a wound. The partial pressure<br>of the oxygen is recorded in the tissues around the wound. 70-80mmHg indicates normal pressure, &lt;40mmHg indicates tissue<br>hypoxia. The information is used to determine the healing ability of the wound.
"The profunda artery demonstrates a 75% stenosis. Which of the following arteries will demonstrate monophasic flow due to the stenosis?<br><br><b>A:</b> popliteal<br><b>B:</b> posterior tibial<br><b>C:</b> anterior tibial<br><b>D:</b> none of the above<br><br><img src=""q24.jpg"" alt=""Question 24 image"">"	<b>Answer:</b> D. none of the above<br><br><b>Feedback:</b><br>The femoral artery supplies the popliteal and calf vessels with blood. A stenosis in the profunda artery will not cause decreased<br>resistance in the vessels of the lower leg.
A velocity is recorded in the distal femoral artery of 2.75m/s, what hemodynamic changes will be seen in popliteal artery?<br><br><b>A:</b> high velocity, peaked waveform<br><b>B:</b> increased diastolic flow reversal<br><b>C:</b> decreased acceleration time<br><b>D:</b> increased acceleration time	<b>Answer:</b> D. increased acceleration time<br><br><b>Feedback:</b><br>The resistance distal to the stenosis will be decreased and flow will become monophasic. Acceleration time is prolonged with<br>lower resistance flow.
If a patient suffers from ischemic rest pain in the feet, what maneuver can relieve the pain?<br><br><b>A:</b> Standing<br><b>B:</b> Sitting with legs elevated<br><b>C:</b> Walking<br><b>D:</b> Valsalva maneuver	<b>Answer:</b> A. Standing<br><br><b>Feedback:</b><br>Ischemic rest pain is described as burning pain in the ball of the foot and toes that is worse at night when the patient is in bed.<br>Standing STILL or hanging the legs in a dependent position would use gravity to assist the arterial flow in entering the feet at a<br>faster rate. Walking and elevating the legs would continue to increase the need for arterial inflow and exacerbate the<br>symptoms.
Which of the following measurements is used to differentiate inflow from outflow disease in the lower extremity arteries?<br><br><b>A:</b> Pulsatility index<br><b>B:</b> Acceleration time<br><b>C:</b> S/D ratio<br><b>D:</b> Resistive index	<b>Answer:</b> B. Acceleration time<br><br><b>Feedback:</b><br>Acceleration Time is measured to differentiate inflow from outflow disease in the lower extremity. Measure the time from the<br>onset of systole to the peak of systole on the waveform.<br>&gt;140ms indicates inflow disease. If the AT in the common femoral artery is &gt;140ms, iliac disease is suspected. If the AT in both<br>of the common femoral arteries is &gt;140ms, aortic disease is suspected.<br>Shorter AT is associated with distal obstruction. With a distal obstruction, the systolic upstroke will become steeper = shorter<br>time from onset to peak.
Jaw claudication, headaches and neck pain, and asymmetric brachial blood pressures are all symptoms related to:<br><br><b>A:</b> thoracic outlet syndrome<br><b>B:</b> Marfan syndrome<br><b>C:</b> thromboangiitis obliterans<br><b>D:</b> giant cell arteritis	<b>Answer:</b> D. giant cell arteritis<br><br><b>Feedback:</b><br>Giant Cell Arteritis: Temporal arteritis is associated with headaches and tenderness over the artery. Asymmetric brachial blood<br>pressures are seen in patients with arteritis in extremities. Other symptoms include pain and/or stiffness in the neck, jaw<br>claudication, and visual disturbances.<br>TOS causes upper extremity symptoms. Thromboangiitis obliterans causes lower leg/feet/forearm/hand symptoms. Marfan<br>syndrome is a connective tissue disorder associated with aortic dissection,
A patient presents with a history of right hip and thigh pain with numbness when he walks. The exercise time varies before the pain starts and it is relieved by sitting down. There are no symptoms in his lower leg. These findings are most suggestive of?<br><br><b>A:</b> peripheral arterial disease<br><b>B:</b> chronic venous disease<br><b>C:</b> Raynaud&#x27;s disease<br><b>D:</b> neurogenic cause	<b>Answer:</b> D. neurogenic cause<br><br><b>Feedback:</b><br>The leg pain is not consistent and reproducible which are key components of claudication related to vascular disease.<br>Neurogenic claudication is related to nerve compression proximal to the symptoms. The feeling of pain and paresthesia is<br>similar to that with arterial disease, but the exercise time varies before the symptoms occur. The symptoms experienced with<br>arterial disease are in the distal leg, while symptoms confined to the upper leg are typically related to nerve compression.
Which of the following is considered a risk factor for peripheral arterial disease?<br><br><b>A:</b> Diabetes<br><b>B:</b> History of deep vein thrombosis<br><b>C:</b> Pregnancy<br><b>D:</b> Excessive, repetitive standing	<b>Answer:</b> A. Diabetes<br><br><b>Feedback:</b><br>Diabetes will expedite hardening of the arterial walls, especially in smaller arteries. The calf and digital arteries are first affected<br>by medial calcification. Pregnancy and excessive standing can lead to an increase in venous blood volume and stasis, but has no<br>effect on the formation of arterial disease. A history of DVT does not affect the risk of atherosclerotic disease.
A patient presents with leg pain 2 days after a coronary artery catheterization. All of the following are an important part of the physical evaluation of the patient, except:<br><br><b>A:</b> Evaluation of the lower leg for loss of hair, dry skin and thick toenails<br><b>B:</b> Evaluation of the toes for blue discoloration<br><b>C:</b> Evaluation of the leg for signs of pallor<br><b>D:</b> Evaluation of the groin for a bruit	<b>Answer:</b> A. Evaluation of the lower leg for loss of hair, dry skin and thick toenails<br><br><b>Feedback:</b><br>Loss of hair, dry skin and thick toenails are symptoms of chronic disease that would not really be important to the acute onset<br>of the new symptoms. Angiography procedures have a risk of related pseudoaneurysm, AV fistula (bruit), distal embolization<br>(blue toes) and acute occlusion from the puncture.
Thromboangiitis obliterans involves inflammation of:<br><br><b>A:</b> all vessel walls with no effect on connective tissue<br><b>B:</b> intimal wall layer<br><b>C:</b> all vessel walls and surrounding connective tissue<br><b>D:</b> intimal and media wall	<b>Answer:</b> C. all vessel walls and surrounding connective tissue<br><br><b>Feedback:</b><br>Thromboangiitis refers to diffuse inflammation of the intimal wall layer. Thromboangiitis obliterans refers to inflammation of all<br>vessel walls and surrounding connective tissue. Buerger disease is a type of thromboangiitis obliterans.
If the acceleration time is &gt;140ms in both common femoral arteries:<br><br><b>A:</b> unilateral external iliac disease is suspected<br><b>B:</b> flow is considered normal.<br><b>C:</b> aortic disease is suspected<br><b>D:</b> bilateral internal iliac disease is suspected	<b>Answer:</b> C. aortic disease is suspected<br><br><b>Feedback:</b><br>If the acceleration time is &gt;140ms in both common femoral arteries, aortic disease is suspected. Increased or longer AT<br>indicates a proximal obstruction.<br>If the acceleration time is &gt;140ms in one common femoral artery, ipsilateral iliac stenosis is suspected. Decreased or shorter AT<br>indicates a distal obstruction.
Patients with lower extremity arterial disease may describe pain<br><br><b>A:</b> that is relieved by walking<br><b>B:</b> that is relieved by elevating the legs<br><b>C:</b> that is relieved by placing legs in a dependent position<br><b>D:</b> that is relieved by lying down	<b>Answer:</b> C. that is relieved by placing legs in a dependent position<br><br><b>Feedback:</b><br>The dependent position helps blood to reach the lower legs more quickly. Walking and elevating the legs would increase the<br>pain. Lying down would provide minimal relief due to the loss of gravity&#x27;s assistance with the flow.
The most common color change demonstrated in a lower extremity with an acute arterial occlusion is:<br><br><b>A:</b> brawny<br><b>B:</b> pallor<br><b>C:</b> cyanosis<br><b>D:</b> rubor	<b>Answer:</b> B. pallor<br><br><b>Feedback:</b><br>Six &quot;P&quot;s of Acute Arterial Occlusion:<br>1. Pain<br>2. Pallor<br>3. Pulselessness<br>4. Paresthesia<br>5. Paralysis<br>6. Polar Sensation (Cold)<br>***Caused by embolism, thrombus formation or trauma
"A patient presents with groin pain 3 days after undergoing right femoral artery angioplasty. The image displayed is from the right groin in the area of pain. What should you report on your technologist worksheet?<br><br><b>A:</b> An abnormally enlarged lymph node is present.<br><b>B:</b> A pseudoaneurysm is present that is nearly thrombosed<br><b>C:</b> A normal lymph node is present.<br><b>D:</b> A pseudoaneurysm is present that requires immediate intervention<br><br><img src=""q36.jpg"" alt=""Question 36 image"">"	<b>Answer:</b> A. An abnormally enlarged lymph node is present.<br><br><b>Feedback:</b><br>Abnormal lymph nodes have a more rounded shape with hypoechoic/anechoic cortical tissue. The hilum will become less<br>visible. Posterior enhancement can also be noted due to the edema in the cortex.
If there is a left subclavian steal, which brachial artery evaluation will be abnormal?<br><br><b>A:</b> Right brachial will have a higher BP and a blunted/monophasic waveform<br><b>B:</b> Left brachial will have a lower BP and a blunted/monophasic waveform<br><b>C:</b> Left brachial will have a higher BP and a triphasic waveform<br><b>D:</b> Right brachial will have a lower BP and a blunted/monophasic waveform	<b>Answer:</b> B. Left brachial will have a lower BP and a blunted/monophasic waveform<br><br><b>Feedback:</b><br>If there is a left sided steal, this indicates the left subclavian artery has an occlusion at the origin. The left vertebral artery<br>originates from the left subclavian artery, just distal to its origin from the arch. The left vertebral artery now receives no<br>antegrade flow toward the head, due to the subclavian blockage.<br>Blood flows toward the head in the right vertebral artery to join the left vertebral artery to form the basilar artery. Some flow<br>from the right vertebral reverses into the left vertebral artery to feed the left subclavian artery and arm.<br>The BP in the left arm drops due to the blood flow coming in from the low resistance, cerebral circulation. The distal arm<br>pressure will decrease to allow flow to enter the &quot;empty&quot; vessels above, in a retrograde fashion.<br>Vertebral flow is low resistance and monophasic. The Doppler evaluation of the left arm will demonstrate these characteristics<br>which are abnormal for an extremity.
"Which of the following is the most likely cause for the waveform displayed?<br><br><b>A:</b> peripheral arterial disease<br><b>B:</b> venous insufficiency<br><b>C:</b> stenosis of the internal iliac artery<br><b>D:</b> vasoconstriction in the pedal arteries<br><br><img src=""q38.jpg"" alt=""Question 38 image"">"	<b>Answer:</b> A. peripheral arterial disease<br><br><b>Feedback:</b><br>The image demonstrates an abnormal monophasic flow pattern in the PTA. Peripheral arterial disease can cause this abnormal<br>flow pattern. Venous insufficiency does not affect the arterial inflow. Vasoconstriction of the pedal arteries would increase the<br>resistance to flow in the calf arteries. Stenosis of the internal iliac arteries would cause ischemia to the pelvic organs, not the<br>extremity.
Arterial claudication occurs:<br><br><b>A:</b> distal to the obstruction<br><b>B:</b> while the patient is resting<br><b>C:</b> while the legs are in the dependent position<br><b>D:</b> proximal to the obstruction	<b>Answer:</b> A. distal to the obstruction<br><br><b>Feedback:</b><br>Arterial claudication occurs distal to the hemodynamically significant obstruction. The tissues distal to the obstruction are not<br>receiving the necessary oxygen which causes cramping and pain.
"Which of the following patients would benefit from a Percutaneous Transluminal Angioplasty?<br><br><b>A:</b> patient with left ICA occlusion<br><b>B:</b> patient with recurrent pulmonary embolism<br><b>C:</b> patient with 80% stenosis in proximal SFA<br><b>D:</b> patient with chronic iliac DVT<br><br><img src=""q40.jpg"" alt=""Question 40 image"">"	<b>Answer:</b> C. patient with 80% stenosis in proximal SFA<br><br><b>Feedback:</b><br>Percutaneous Transluminal Angioplasty is used to open areas of stenosis in an artery. This intervention cannot be performed on<br>a fully occluded vessel.
"An AV fistula is present connecting the femoral artery and vein at the right groin. The Doppler evaluation of the common femoral artery will demonstrate what flow pattern?<br><br><b>A:</b> peaked, triphasic waveform<br><b>B:</b> monophasic with minimal diastolic flow<br><b>C:</b> biphasic flow with increased diastolic flow reversal<br><b>D:</b> monophasic with increased diastolic flow<br><br><img src=""q41.jpg"" alt=""Question 41 image"">"	<b>Answer:</b> D. monophasic with increased diastolic flow<br><br><b>Feedback:</b><br>A traumatic AV fistula created during an invasive procedure or injury results in the same flow patterns as one created<br>intentionally for dialysis. The low resistance venous connection causes decreased resistance and monophasic flow in the inflow<br>artery proximal to the fistula.
"__________________ uses a balloon tipped catheter to compress the atheroma and expand the vessel lumen.<br><br><b>A:</b> An atherectomy procedure<br><b>B:</b> An endarterectomy procedure<br><b>C:</b> An angioplasty procedure<br><b>D:</b> A valvulotome procedure<br><br><img src=""q42.jpg"" alt=""Question 42 image"">"	<b>Answer:</b> C. An angioplasty procedure<br><br><b>Feedback:</b><br>Atherectomy uses a catheter with a rotating head and suction capabilities to break up the plaque and remove it from the artery.<br>Angioplasty uses a balloon tipped catheter to compress the atheroma and expand the vessel lumen. An endarterectomy refers<br>to when the carotid artery is lacerated, and the atheroma formation is scraped for removal. A valvulotome procedure is used to<br>remove valves from inside a vein.
"If the tibioperoneal trunk is occluded, flow in which calf vessel(s) will demonstrate increased flow?<br><br><b>A:</b> anterior tibial artery<br><b>B:</b> posterior tibial artery<br><b>C:</b> peroneal artery<br><b>D:</b> posterior tibial artery and peroneal artery<br><br><img src=""q43.jpg"" alt=""Question 43 image"">"	<b>Answer:</b> A. anterior tibial artery<br><br><b>Feedback:</b><br>The popliteal artery bifurcates into the anterior tibial artery and tibioperoneal trunk just outside the popliteal fossa. Slightly<br>distal to that bifurcation the trunk splits into the posterior tibial artery and peroneal artery. If the TP trunk is occluded, flow will<br>be redirected into the ATA. Compensatory flow will be directed to the ATA.
What structure compresses the artery in popliteal entrapment?<br><br><b>A:</b> medial meniscus<br><b>B:</b> medial head of the gastrocnemius muscle<br><b>C:</b> lateral meniscus<br><b>D:</b> patella	<b>Answer:</b> B. medial head of the gastrocnemius muscle<br><br><b>Feedback:</b><br>Popliteal entrapment is the compression of the artery by the medial head of the gastrocnemius muscle. It is commonly found in<br>runners and athletes and is the most common cause of unilateral claudication in young patients.
Which of the following is the most common site for atherosclerosis formation in the lower extremity?<br><br><b>A:</b> CFA bifurcation<br><b>B:</b> SFA in Adductor canal<br><b>C:</b> Popliteal artery<br><b>D:</b> Calf trifurcation	<b>Answer:</b> B. SFA in Adductor canal<br><br><b>Feedback:</b><br>The most common site for atherosclerosis formation in the lower extremity is in the SFA in the adductor canal.
"An acute occlusion occurs in the common iliac artery on the left side. Which of the following vessels will also have absent flow?<br><br><b>A:</b> external iliac artery only<br><b>B:</b> common femoral artery and saphenous artery<br><b>C:</b> internal iliac artery and gonadal artery<br><b>D:</b> common femoral, external iliac and internal iliac artery<br><br><img src=""q46.jpg"" alt=""Question 46 image"">"	<b>Answer:</b> D. common femoral, external iliac and internal iliac artery<br><br><b>Feedback:</b><br>The external iliac and internal iliac arteries are branches of the common iliac artery. The external iliac artery becomes the<br>common femoral artery once it crosses beneath the inguinal artery.
"The images below are from a lower extremity arterial duplex examination. Review the information on the images and choose the waveform below that is most consistent with the expected waveform for the left popliteal artery. Image A Image B Image C Image D<br><br><b>A:</b> Image D<br><b>B:</b> Image A<br><b>C:</b> Image B<br><b>D:</b> Image C<br><br><img src=""q47_1.jpg"" alt=""Question 47 image""><br><br><img src=""q47_2.jpg"" alt=""Question 47 image""><br><br><img src=""q47_3.jpg"" alt=""Question 47 image""><br><br><img src=""q47_4.jpg"" alt=""Question 47 image""><br><br><img src=""q47_5.jpg"" alt=""Question 47 image"">"	<b>Answer:</b> B. Image A<br><br><b>Feedback:</b><br>The PTA waveform demonstrates monophasic, low resistance flow, but the ATA flow appears normal. This is most consistent<br>with stenosis in the tibioperoneal trunk or an isolated stenosis in the proximal PTA. If the peroneal artery flow is normal = PTA<br>stenosis. If the peroneal artery flow is abnormal = Tibioperoneal trunk stenosis. The popliteal artery should demonstrate a<br>normal, high resistance flow pattern because it is proximal to the area of stenosis.
"Which of the following waveforms is most consistent with flow related to a pseudoaneurysm in the groin area?<br><br><b>A:</b> A<br><b>B:</b> D<br><b>C:</b> C<br><b>D:</b> B<br><br><img src=""q48.jpg"" alt=""Question 48 image"">"	<b>Answer:</b> A. A<br><br><b>Feedback:</b><br>Flow in the neck and body of a pseudoaneurysm is described as &quot;to-and-fro&quot;. Waveform A is from a pseudoaneurysm in the<br>groin. Flow moves in and out of the blind ended pocket in the tissues. Waveform B is a normal triphasic waveform from a lower<br>extremity. Waveform C is a normal waveform from the renal parenchyma. Waveform D is taken from a vertebral artery and<br>demonstrates early systolic deceleration. It is associated with proximal stenosis and considered a pre-steal phenomenon.
Which of the following describes an AV malformation?<br><br><b>A:</b> caused by trauma or surgical procedures<br><b>B:</b> direct connection between a single artery and vein<br><b>C:</b> can be treated using Thrombin injection<br><b>D:</b> dilated venous collaterals adjacent to the area of interest	<b>Answer:</b> D. dilated venous collaterals adjacent to the area of interest<br><br><b>Feedback:</b><br>An AVM is a congenital malformation with multiple connections between the arterioles and venules without a capillary bed in<br>between. Venous collaterals will develop and dilate over time. An AVF is an acquired condition that is caused by trauma or<br>invasive procedures. Because it is an acute complication, no collateral vessels form. The arterial inflow and venous outflow will<br>demonstrate the same hemodynamic characteristics for an AVM and an AVF, low resistance arterial inflow and pulsatile,<br>turbulent venous outflow Thrombin cannot be used to treat an AVM or AVF because it could occlude the arterial system<br>turbulent venous outflow. Thrombin cannot be used to treat an AVM or AVF because it could occlude the arterial system.
A patient is referred for an arterial duplex exam for leg pain. The chart describes brown discoloration of the calves and prominent pedal pulses. Which of the following is an expected finding on today&#x27;s exam?<br><br><b>A:</b> popliteal aneurysm<br><b>B:</b> normal arterial flow<br><b>C:</b> Raynaud Syndrome<br><b>D:</b> medial calcification	<b>Answer:</b> B. normal arterial flow<br><br><b>Feedback:</b><br>Brawny discoloration of the calf is usually a sign of venous disease. Prominent pedal pulses indicate strong arterial flow in the<br>tibial arteries. The patient will most likely demonstrate normal arterial flow.
If significant disease is identified on the arterial duplex evaluation, but 4 minutes of exercise has little effect on the ankle pressures:<br><br><b>A:</b> there are collateral pathways present<br><b>B:</b> post-occlusive reactive hyperemia should be performed<br><b>C:</b> digital pressures must be recorded to diagnose disease in this patient<br><b>D:</b> service should be scheduled for the ultrasound unit	<b>Answer:</b> A. there are collateral pathways present<br><br><b>Feedback:</b><br>
"A bilateral decrease in the femoral pulses can be related to:<br><br><b>A:</b> aortic coarctation<br><b>B:</b> DVT formation<br><b>C:</b> occlusion of the deep femoral artery<br><b>D:</b> occlusion of the popliteal artery<br><br><img src=""q52.jpg"" alt=""Question 52 image"">"	<b>Answer:</b> A. aortic coarctation<br><br><b>Feedback:</b><br>Aortic coarctation refers to the overgrowth of normal tissue in the aorta causing obstruction. It most commonly occurs in the<br>arch just distal to the origin of the left subclavian artery. Because the aorta is narrowed proximal to the iliac bifurcation, both<br>legs will demonstrate significantly lower pressures and abnormal Doppler waveforms.
Which of the following is the second most common site for atherosclerosis formation in the lower extremity?<br><br><b>A:</b> common carotid artery bifurcation<br><b>B:</b> popliteal trifurcation<br><b>C:</b> distal SFA in Adductor canal<br><b>D:</b> common femoral artery bifurcation	<b>Answer:</b> D. common femoral artery bifurcation<br><br><b>Feedback:</b><br>The distal SFA in the adductor canal is the most common site of atherosclerosis formation in the legs. The CFA bifurcation is the<br>second most common site of atherosclerosis formation in the legs.
Which of the following are collagen disorders that have increased risk for arterial dissection?<br><br><b>A:</b> Shone complex and Blue Toe syndrome<br><b>B:</b> Paget Schroetter syndrome and Raynaud syndrome<br><b>C:</b> Marfan syndrome and Ehler-Danlos syndrome<br><b>D:</b> Marfan syndrome and Polycythemia vera	<b>Answer:</b> C. Marfan syndrome and Ehler-Danlos syndrome<br><br><b>Feedback:</b><br>Marfan syndrome and Ehler-Danlos syndrome are collagen disorders that can lead to the formation of arterial aneurysm or<br>dissection. Shone complex is a group of cardiac defects and defects of the aortic arch and valve. Blue Toe syndrome is caused<br>by emboli from an AAA with mural thrombus, Paget Schroetter syndrome affects the upper extremity veins. Raynaud syndrome<br>is a collagen disorder that reduces flow to the hands/feet. Polycythemia vera is a rare cancer that causes blood thickening,
Which of the following describes the correct protocol for evaluating suspected popliteal entrapment?<br><br><b>A:</b> Use Doppler to evaluate the flow in the distal femoral artery at rest and with plantar extension<br><b>B:</b> Use Doppler to evaluate the flow in the popliteal artery at rest and with plantar flexion<br><b>C:</b> Use Doppler to evaluate the flow in the popliteal vein at rest and with plantar flexion<br><b>D:</b> Evaluate the toe pressures at rest and during plantar extension	<b>Answer:</b> B. Use Doppler to evaluate the flow in the popliteal artery at rest and with plantar flexion<br><br><b>Feedback:</b><br>Popliteal entrapment involves the intermittent compression of the popliteal artery with flexing of the calf muscle. Arterial inflow<br>is reduced causing pain in the calf muscle and foot due to ischemia. The velocity of the flow in the vessel is important to<br>evaluate the degree of stenosis that is caused by movement. PPG is the preferred method of evaluation, but Doppler evaluation<br>can also be used.
If the distal femoral artery demonstrates a peak velocity of 3.2m/s, the waveform in the posterior tibial artery will most likely be _____________.<br><br><b>A:</b> monophasic<br><b>B:</b> biphasic<br><b>C:</b> absent<br><b>D:</b> triphasic	<b>Answer:</b> A. monophasic<br><br><b>Feedback:</b><br>Normal flow in the PTA would be triphasic. A 3.2m/s PSV in the femoral artery indicates a hemodynamically significant stenosis<br>which would cause decreased resistance distally. The popliteal and calf arterial waveforms will most likely be monophasic.
Thrombolytic therapy is used to treat:<br><br><b>A:</b> chronic venous disease<br><b>B:</b> chronic deep vein thrombosis<br><b>C:</b> acute arterial occlusion caused by thrombus<br><b>D:</b> venous insufficiency	<b>Answer:</b> C. acute arterial occlusion caused by thrombus<br><br><b>Feedback:</b><br>Thrombolytic drugs are used in medicine to dissolve blood clots. Thrombolytic therapy is used to treat extensive acute DVT and<br>acute arterial obstruction by thrombus.
Which of the following can lead to an increase in the frequency shift detected in the common femoral artery?<br><br><b>A:</b> 80% stenosis of the superficial femoral artery<br><b>B:</b> Proximal superficial femoral artery occlusion<br><b>C:</b> Decreased probe frequency<br><b>D:</b> 80% stenosis of the common femoral artery	<b>Answer:</b> D. 80% stenosis of the common femoral artery<br><br><b>Feedback:</b><br>Stenosis in the CFA will increase the detected frequency shift (and calculated velocity). Using a higher frequency probe will<br>increase the detected frequency shift. Significant stenosis or occlusion of the SFA will reduce the detected frequency shift<br>(velocity) in the CFA.
Which of the following provides the greatest risk for peripheral arterial disease?<br><br><b>A:</b> Excessive standing<br><b>B:</b> Excessive sitting<br><b>C:</b> Hyperlipidemia<br><b>D:</b> Polycythemia vera	<b>Answer:</b> C. Hyperlipidemia<br><br><b>Feedback:</b><br>Hyperlipidemia refers to high cholesterol which is a risk factor for arterial disease. Excessive sitting or standing can lead to<br>venous stasis and thrombus formation. Polycythemia vera causes thickening of the blood which can lead to venous stasis and<br>thrombus formation.
"A patient presents complaining of pain and discoloration in their hands when they are cold, as seen in the image. The expected characteristics of the digital PPG waveform in this patient after their hands have been submerged in 40 degree water for 1 minute would include:<br><br><b>A:</b> Increased amplitude with a prominent dicrotic notch<br><b>B:</b> Triphasic waveform<br><b>C:</b> Monophasic damped waveform<br><b>D:</b> Due to varied levels of vasoconstriction, flow will fluctuate between low resistance and high resistance until hand temperature returns to normal.<br><br><img src=""q60.jpg"" alt=""Question 60 image"">"	<b>Answer:</b> C. Monophasic damped waveform<br><br><b>Feedback:</b><br>The normal PPG waveform has a sharp peak with a downslope containing the dicrotic notch. In patients with Raynaud disease,<br>severe vasoconstriction occurs causing flow changes. As flow decreases, the dicrotic notch disappears and then the waveform<br>becomes lower and lower in amplitude.
A patient presents for a follow up exam on a lower extremity femoral- popliteal in-situ vein graft that was placed in the right leg 2 weeks ago. He is experiencing pain, pallor and paresthesia in the right foot. Which of the following is not an expected finding on the exam?<br><br><b>A:</b> anastomosis narrowed by an aberrant suture<br><b>B:</b> thrombosis around a valve remnant<br><b>C:</b> extension of atherosclerotic plaque into the graft<br><b>D:</b> graft kinking	<b>Answer:</b> C. extension of atherosclerotic plaque into the graft<br><br><b>Feedback:</b><br>Atherosclerosis is a chronic disease and would not progress into the area of the graft in such a short time period. The other<br>choices listed are all potential acute complications following graft placement.
Secondary Raynaud phenomenon:<br><br><b>A:</b> occurs in patients with severe venous disease<br><b>B:</b> is a functional vasospastic disorder which occurs in patients with an unobstructed vascular system<br><b>C:</b> occurs in patients with an obstructed vascular system<br><b>D:</b> is a functional vasospastic disorder that occurs due to kidney disease	<b>Answer:</b> C. occurs in patients with an obstructed vascular system<br><br><b>Feedback:</b><br>Primary - NL vascular system, intermittent bilateral digital arterial spasm, excellent prognosis; Raynaud syndrome or disease<br>Secondary - ABNL obstructed system with vasoconstriction causes constant ischemia, may be unilateral; Raynaud phenomenon
"While scanning a patient following a recent car accident you identify an arteriovenous connection in the left groin. How can you determine if this finding is related to the recent trauma or it is a congenital abnormality?<br><br><b>A:</b> Evaluate the deep veins for associated thrombus<br><b>B:</b> Locate the number of connections between the artery and the vein<br><b>C:</b> Perform a Doppler evaluation of flow within the connected vessels<br><b>D:</b> Determine the location of the arteriovenous connection<br><br><img src=""q63.jpg"" alt=""Question 63 image"">"	<b>Answer:</b> B. Locate the number of connections between the artery and the vein<br><br><b>Feedback:</b><br>A congenital malformation (AVM) will usually have multiple connections between the artery and the vein. An AV fistula(AVF)<br>caused by trauma is usually a single connection between the artery and vein. The other items listed would be possible exam<br>techniques used to evaluate the patient, but they will not differentiate a congenital AVM from a traumatic AVF
"When Thrombin is injected into a pseudoaneurysm, the needle puncture site should be:<br><br><b>A:</b> within 1cm of the neck<br><b>B:</b> on the lateral aspect of the groin<br><b>C:</b> within 5mm of the neck<br><b>D:</b> located as far from the neck as possible<br><br><img src=""q64.jpg"" alt=""Question 64 image"">"	<b>Answer:</b> D. located as far from the neck as possible<br><br><b>Feedback:</b><br>When injecting Thrombin, the physician inserts a 21-22g needle into the body of the pseudoaneurysm and confirms the location<br>with 2D ultrasound. Color Doppler should not be used during the procedure because it can obscure the needle position.<br>Thrombin must be injected at a location far from the neck of the pseudoaneurysm to prevent distribution into the arterial<br>system. 0.5 - 1.0mL injected in small increments and thrombosis is monitored on real time imaging. Thrombosis should begin<br>immediately (within 5-10 seconds). Once the flow in the pseudoaneurysm has been eliminated, color and Doppler are used to<br>confirm the absence of flow.
Congestive heart failure is more commonly seen with ____________________, while distal ischemia is more commonly seen with _________________.<br><br><b>A:</b> distal AV fistula, proximal AV fistula<br><b>B:</b> AV fistula, hemodialysis fistula<br><b>C:</b> proximal AV fistula, distal AV fistula<br><b>D:</b> AV malformation, AV fistula	<b>Answer:</b> C. proximal AV fistula, distal AV fistula<br><br><b>Feedback:</b><br>Congestive heart failure is more commonly seen with a proximal AVF, while distal ischemia is more commonly seen with distal<br>AVF.
Which of the following treatments would not be recommended for chronic peripheral arterial disease?<br><br><b>A:</b> Coumadin therapy<br><b>B:</b> Angioplasty<br><b>C:</b> Bypass graft<br><b>D:</b> Thrombolytic therapy	<b>Answer:</b> D. Thrombolytic therapy<br><br><b>Feedback:</b><br>Thrombolytic therapy is used to treat DVT or acute arterial occlusion by thrombus.
A 30yr old male smoker is referred for an arterial evaluation for pain and pallor of both forearms and hands. The bilateral radial and ulnar arteries demonstrate diffuse, homogeneous intimal thickening and monophasic flow. The arterial lumen characteristics and flow in the upper arms and shoulders are normal. These findings are most consistent with:<br><br><b>A:</b> Buerger Disease<br><b>B:</b> Medial calcification<br><b>C:</b> Atherosclerosis causing tunnel stenosis<br><b>D:</b> Takayasu Arteritis	<b>Answer:</b> A. Buerger Disease<br><br><b>Feedback:</b><br>The patient most likely has Buerger disease which refers to arteritis of the smaller arteries that is usually associated with males<br>who are heavy smokers. Takayasu Arteritis normally affects the aorta, subclavian and renal arteries.
"The groin images displayed are from a lower extremity vascular ultrasound. What is demonstrated on the images?<br><br><b>A:</b> Iliac artery dissection<br><b>B:</b> Floating strand of thrombus from recanalized DVT in superficial femoral vein<br><b>C:</b> Normal common femoral artery bifurcation<br><b>D:</b> Floating strand of thrombus from recanalized DVT in iliac vein<br><br><img src=""q68.jpg"" alt=""Question 68 image"">"	<b>Answer:</b> A. Iliac artery dissection<br><br><b>Feedback:</b><br>Note the intimal and media layers of the vessel indicating an artery. The bony structure posteriorly indicates the image is taken<br>slightly above the groin near the hip joint. An iliac artery dissection is demonstrated. The common femoral artery bifurcation<br>would demonstrate 2 vessels in the opposite position than displayed on the image. The artery bifurcates as it moves inferiorly in<br>the leg.
A patient complains of right leg pain and color changes in the leg. When he lies down, the entire right leg become pale. When he stands up, the entire right leg becomes reddened. The left leg is asymptomatic. These findings are most suggestive of:<br><br><b>A:</b> deep venous reflux<br><b>B:</b> significant aortic obstruction<br><b>C:</b> right popliteal stenosis<br><b>D:</b> significant right iliac stenosis	<b>Answer:</b> D. significant right iliac stenosis<br><br><b>Feedback:</b><br>Pallor and dependent rubor are indications of significant arterial disease. The unilateral presentation indicates the obstruction<br>is blocking flow to just the right leg. The entire leg experiences the color change, so the blockage must be at the groin = right<br>iliac.
"Thoracic outlet syndrome occurs when the ________________ is compressed by the _______________.<br><br><b>A:</b> brachial plexus, scalene muscle or cervical rib<br><b>B:</b> superior mesenteric artery, median arcuate ligament of the diaphragm<br><b>C:</b> renal artery, diaphragm crura<br><b>D:</b> celiac axis, median arcuate ligament of the diaphragm<br><br><img src=""q70.jpg"" alt=""Question 70 image"">"	<b>Answer:</b> A. brachial plexus, scalene muscle or cervical rib<br><br><b>Feedback:</b><br>Thoracic outlet syndrome occurs when the brachial plexus is compressed by the scalene muscle or cervical rib. Because the<br>nerves are also compressed with the lymph and blood vessels, numbness and tingling are common symptoms of TOS.
A patient with aortic coarctation distal to the left subclavian artery origin will demonstrate:<br><br><b>A:</b> increased bilateral ABIs<br><b>B:</b> systemic HTN with increased brachial pressures<br><b>C:</b> no change in ankle pressures with exercise<br><b>D:</b> bounding pedal pulses	<b>Answer:</b> B. systemic HTN with increased brachial pressures<br><br><b>Feedback:</b><br>Coarctation refers to congenital narrowing of the aorta. It most commonly occurs distal to the origin of the left subclavian<br>artery. It causes decreased flow distal to the obstruction and monophasic flow with continuous flow in diastole is identified in<br>the abdominal aorta. Coarctation causes lower extremity ischemia, decreased bilateral pedal pulses, and decreased bilateral<br>ABIs. Because the arch is proximal to the obstruction, flow to the head and neck is usually normal. Systemic HTN is usually<br>present because the coarct causes renal ischemia and the renin-angiotensin system is activated causing increased systemic<br>pressure.
Which of the following statements is true regarding the signs and symptoms of lower extremity arterial disease?<br><br><b>A:</b> Significant ischemic disease in the leg will lead to pallor with dependency.<br><b>B:</b> Significant ischemic disease in the leg will lead to rubor with elevation.<br><b>C:</b> Significant ischemic disease in the leg will lead to cyanosis upon elevation.<br><b>D:</b> Significant ischemic disease in the leg will lead to pallor upon elevation and rubor with dependency.	<b>Answer:</b> D. Significant ischemic disease in the leg will lead to pallor upon elevation and rubor with dependency.<br><br><b>Feedback:</b><br>Significant ischemic disease in the leg will lead to pallor upon elevation and rubor with dependency.<br>Pallor = white, when the legs are raised, blood flow cannot reach the lower legs due to the significant disease in the arteries, the<br>calf color change is white or pale.<br>Rubor = red, when the legs are placed in a dependent position, they initially turn a shade of red due to damage to the capillaries<br>with peripheral arterial disease, the color will change if the legs are raised again.
Which of the following abnormalities would be best evaluated by asking the patient to hyperextend the leg and point the toes?<br><br><b>A:</b> Popliteal entrapment<br><b>B:</b> Raynaud syndrome<br><b>C:</b> May Thurner syndrome<br><b>D:</b> Paget-Schroetter syndrome	<b>Answer:</b> A. Popliteal entrapment<br><br><b>Feedback:</b><br>Popliteal entrapment occurs when the artery is compressed with contraction of the calf muscle. When the patient hyperextends<br>the leg and point the toes, the calf muscle will contract. PPG or PW Doppler can be used to assess changes in flow during the<br>maneuver.
Which of the following describes a positive result from the Adson maneuver?<br><br><b>A:</b> loss of the radial artery pulse<br><b>B:</b> loss of pedal pulses<br><b>C:</b> pain in the foot with quick dorsiflexion<br><b>D:</b> increased hydrostatic pressure	<b>Answer:</b> A. loss of the radial artery pulse<br><br><b>Feedback:</b><br>The Adson maneuver is a patient position used to evaluate thoracic outlet syndrome. If the radial pulse diminishes or<br>disappears completely during the maneuver, TOS is diagnosed.
If chronic occlusion is suspected and the artery is not easily identifiable because of atrophy, what is the best way to locate the artery of interest?<br><br><b>A:</b> use color Doppler to locate flow in the adjacent paired vein<br><b>B:</b> use PW Doppler to search the surrounding tissues for an arterial waveform<br><b>C:</b> use Power Doppler to locate areas of perfusion of the muscles and trace that flow back to the main artery<br><b>D:</b> use the PPG sensor and move it around the area of interest to locate an arterial pulse	<b>Answer:</b> A. use color Doppler to locate flow in the adjacent paired vein<br><br><b>Feedback:</b><br>If chronic occlusion is suspected and the artery is not easily identifiable, use color Doppler to locate flow in the adjacent vein.<br>Most arteries in the extremities have an accompanying vein. A calcified, atrophied artery can be identified coursing adjacent to<br>its paired vein.
A patient presents with a diminished pulse in the right radial artery and a normal pulse in the ulnar artery. These findings are most suggestive of:<br><br><b>A:</b> right subclavian artery stenosis<br><b>B:</b> proximal right radial artery stenosis<br><b>C:</b> right brachial artery stenosis<br><b>D:</b> innominate artery stenosis	<b>Answer:</b> B. proximal right radial artery stenosis<br><br><b>Feedback:</b><br>Reduced flow in a single forearm artery would indicate a stenosis in the proximal segment of the affected artery. The other<br>choices would reduce flow to both forearm arteries.
Which of the following arteries are evaluated during a penile duplex exam for erectile dysfunction?<br><br><b>A:</b> urethral<br><b>B:</b> dorsal<br><b>C:</b> ventral<br><b>D:</b> cavernosal	<b>Answer:</b> D. cavernosal<br><br><b>Feedback:</b><br>A penile duplex exam can be performed to evaluate a vascular cause of erectile dysfunction. The cavernosal artery diameters<br>and velocities are evaluated before and after an injection of vasoactive substance. The dorsal vein is also evaluated.
What arteries are most commonly affected by Takayasu arteritis?<br><br><b>A:</b> calf<br><b>B:</b> forearm<br><b>C:</b> subclavian and common carotid<br><b>D:</b> subclavian and brachial	<b>Answer:</b> C. subclavian and common carotid<br><br><b>Feedback:</b><br>Takayasu Arteritis causes hypertrophic area(s) of inflamed tissue usually found in the aorta and its branches. It is associated<br>with supravalvular stenosis and aortic coarctation. 90% cases involve the subclavian arteries and over half of the cases involve<br>the common carotid arteries. It can also affect the renal arteries. Most commonly seen in young females (20-40yrs) and more<br>common in Asia and India than the US. Symptoms include absence of peripheral pulse, asymmetric brachial blood pressures,<br>amaurosis fugax, hemiparesis, diplopia, vertigo and upper extremity claudication.
What causes thoracic outlet syndrome?<br><br><b>A:</b> Viral infection of the intimal layer of the arteries in the upper extremity<br><b>B:</b> Medial calcification of the arteries of the upper extremity<br><b>C:</b> Extrinsic compression of the subclavian artery from bony and muscular structures<br><b>D:</b> Focal inflammation of the proximal subclavian artery	<b>Answer:</b> C. Extrinsic compression of the subclavian artery from bony and muscular structures<br><br><b>Feedback:</b><br>TOS is caused by extrinsic compression of the subclavian artery from bony and muscular structures. The compression causes<br>ischemia and symptoms in the affected arm/hand. Changes in flow will be detected with patient arm movement.
"Which of the following symptoms is the most commonly seen with peripheral arterial disease?<br><br><b>A:</b> Dry ulcerations<br><b>B:</b> Absent pedal pulses<br><b>C:</b> Claudication<br><b>D:</b> Phlegmasia dolens<br><br><img src=""q80.jpg"" alt=""Question 80 image"">"	<b>Answer:</b> C. Claudication<br><br><b>Feedback:</b><br>Claudication is defined as pain in muscles that subsides w/ rest. The pain will be predictable and reproducible at the same level<br>of exercise. EX: Calf cramping occur every time the patient walks for 5 minutes
Which of the following describe a transcutaneous oximetry exam of the lower extremity?<br><br><b>A:</b> Readings are taken in the toes, lower leg and thigh<br><b>B:</b> The electrodes cool the tissues to 25 degrees Celsius to release oxygen.<br><b>C:</b> A baseline reading is obtained first on the toes<br><b>D:</b> It takes approximately 3 minutes to obtain a reading	<b>Answer:</b> A. Readings are taken in the toes, lower leg and thigh<br><br><b>Feedback:</b><br>Transcutaneous Oximetry determines capability of healing of a wound or specific site for amputation. The sensor evaluates<br>oxygen supply and consumption in tissues surrounding the wound. Electrodes heat the skin to 45 degrees Celsius and oxygen<br>escapes from the tissue to be measured by the sensor. It takes approximately 15-20 minutes to obtain a reading. System<br>calibration is REQUIRED!!! First, obtain a reading on the chest as a baseline, then obtain readings of the toes, lower leg and<br>thigh. Normal TcPO2 levels 70-80mmHg; &lt;40mmHg indicates tissue hypoxia
Elevated erythrocyte sedimentation rate and C-reactive protein (CRP) levels are associated with which of the following?<br><br><b>A:</b> Klippel Trenaunay syndrome<br><b>B:</b> Giant cell arteritis<br><b>C:</b> Marfan syndrome<br><b>D:</b> Fibromuscular dysplasia	<b>Answer:</b> B. Giant cell arteritis<br><br><b>Feedback:</b><br>Giant cell arteritis is associated with elevated erythrocyte sedimentation rate and C-reactive protein (CRP) levels. These are both<br>inflammatory markers found on serum analysis.
A patient presents with diminished pulses in the right radial and ulnar arteries. Which of the following could cause this symptom?<br><br><b>A:</b> right deep palmar arch stenosis<br><b>B:</b> right brachial artery stenosis<br><b>C:</b> right superficial palmar arch stenosis<br><b>D:</b> right lateral palmar arch stenosis	<b>Answer:</b> B. right brachial artery stenosis<br><br><b>Feedback:</b><br>Reduced flow in the forearm arteries indicates a proximal stenosis. The palmar arch is in the hand, distal to the radial and ulnar<br>arteries. Any artery proximal to the arteries with monophasic flow could be obstructed and causing the abnormal flow in the<br>forearm arteries. This includes the brachial, axillary and subclavian arteries.
Why would exposure to cold increase symptoms of lower extremity arterial stenosis?<br><br><b>A:</b> increased resistance due to vasoconstriction and blood becomes less viscous with cold exposure<br><b>B:</b> increased resistance due to vasoconstriction<br><b>C:</b> increased resistance due to vasodilation<br><b>D:</b> blood becomes less viscous with cold exposure	<b>Answer:</b> B. increased resistance due to vasoconstriction<br><br><b>Feedback:</b><br>Cold exposure can cause the smaller vessels on the hand/foot to constrict which increases resistance to flow. This effect could<br>further exacerbate symptoms of ischemia in the extremity.
"What complication of Angiography is identified on the image?<br><br><b>A:</b> pseudoaneurysm and arterial occlusion<br><b>B:</b> AV fistula and superficial phlebitis<br><b>C:</b> pseudoaneurysm, AV fistula and DVT<br><b>D:</b> AV malformation<br><br><img src=""q85.jpg"" alt=""Question 85 image"">"	<b>Answer:</b> C. pseudoaneurysm, AV fistula and DVT<br><br><b>Feedback:</b><br>The thrombosed pseudoaneurysm is on the right side (lateral to the vessels). The arrow points to an AV fistula connecting the<br>femoral artery and vein. The femoral vein demonstrates partial intraluminal thrombus.
The common femoral artery velocity is 0.8 m/s and the proximal femoral artery demonstrates atherosclerosis formation causing an increase in the velocity to 2.2 m/s. This indicates what level of stenosis?<br><br><b>A:</b> 25%<br><b>B:</b> 50%<br><b>C:</b> 75%<br><b>D:</b> 80-99%	<b>Answer:</b> B. 50%<br><br><b>Feedback:</b><br>When the velocity between two extremity arterial segments doubles, this indicates at least a 50% stenosis. When the velocity<br>between two extremity arterial segments quadruples, this indicates at least a 75% stenosis.
"A patient presents with groin pain three days after percutaneous balloon angioplasty of the distal right femoral artery. The image on the left is from the common femoral artery and the image on the right is from the proximal femoral artery. Which of the following explains the findings on the exam?<br><br><b>A:</b> Unsuccessful angioplasty procedure<br><b>B:</b> AV fistula in the right CFA/CFV<br><b>C:</b> The profunda femoral artery is occluded<br><b>D:</b> There is a significant stenosis in the right iliac artery<br><br><img src=""q87.jpg"" alt=""Question 87 image"">"	<b>Answer:</b> B. AV fistula in the right CFA/CFV<br><br><b>Feedback:</b><br>The angiography procedure was performed on the distal femoral artery. The images do not demonstrate that area, so the<br>success of the procedure cannot be evaluated. Atherosclerotic disease normally causes lower resistance flow in all vessels distal<br>to a stenosis, not just in the vessel affected. The flow in the CFA is low resistance and monophasic but returns to high resistance<br>and triphasic in the superficial femoral artery. This is a classic sign of the presence of an AV fistula which reduces the resistance<br>at the site of the fistula and flow returns to normal more distally.
"__________________ uses a catheter with a rotating head to break up the plaque and suction capabilities to remove it from the artery.<br><br><b>A:</b> An angioplasty procedure<br><b>B:</b> An atherectomy procedure<br><b>C:</b> An endarterectomy procedure<br><b>D:</b> A valvulotome procedure<br><br><img src=""q88.jpg"" alt=""Question 88 image"">"	<b>Answer:</b> B. An atherectomy procedure<br><br><b>Feedback:</b><br>Atherectomy uses a catheter with a rotating head and suction capabilities to break up the plaque and remove it from the artery.<br>Angioplasty uses a balloon tipped catheter to compress the atheroma and expand the vessel lumen. An endarterectomy refers<br>to when the carotid artery is lacerated, and the atheroma formation is scraped for removal. A valvulotome procedure is used to<br>remove valves from inside a vein.
If there is an acute occlusion of the proximal femoral artery, what will the Doppler waveform look like in the mid femoral artery?<br><br><b>A:</b> varies with collateral formation<br><b>B:</b> blunted<br><b>C:</b> high resistance<br><b>D:</b> absent	<b>Answer:</b> D. absent<br><br><b>Feedback:</b><br>There will be no flow in the mid femoral artery with an acute obstruction because there has not been time for collaterals to<br>form.
Which of the following conditions would be treated with streptokinase?<br><br><b>A:</b> 70-90% carotid stenosis<br><b>B:</b> Venous insufficiency<br><b>C:</b> Phlegmasia cerulea dolens<br><b>D:</b> Partial DVT	<b>Answer:</b> C. Phlegmasia cerulea dolens<br><br><b>Feedback:</b><br>Streptokinase is only used to break up a clot in patients with phlegmasia due to risk of emboli formation. The benefits of the<br>drug outweigh the risk of embolism in phlegmasia because it is a critical finding.
Which of the following correctly describes compartment syndrome?<br><br><b>A:</b> typically occurs below the diaphragm in the chest<br><b>B:</b> most commonly occurs due to trauma<br><b>C:</b> typically occurs below the diaphragm in the abdomen<br><b>D:</b> caused by compression of nerves during normal extremity motion	<b>Answer:</b> B. most commonly occurs due to trauma<br><br><b>Feedback:</b><br>Acute compartment syndrome is an emergency, but chronic compartment syndrome is not an emergency. The acute onset of<br>compartment syndrome affects the extremities and is usually associated with trauma(broken leg or arm). Increased pressure in<br>the osteofascial compartment will prevent blood flow in and out of surrounding tissues. This can cause permanent muscle and<br>nerve damage.
Which of the following is associated with CREST syndrome?<br><br><b>A:</b> Primary Raynaud disease<br><b>B:</b> Secondary Raynaud phenomenon<br><b>C:</b> Aortic aneurysm<br><b>D:</b> Superficial phlebitis	<b>Answer:</b> B. Secondary Raynaud phenomenon<br><br><b>Feedback:</b><br>In contrast to Raynaud disease, Raynaud phenomenon presents concurrently with CREST syndrome, in which tissue necrosis<br>results from spastic and occlusive disease. CREST syndrome involves symptoms of generalized calcinosis, Raynaud<br>phenomenon, esophageal dysfunction, scleroderma, and telangiectasia.
Which of the following is an expected finding with a positive evaluation for thoracic outlet syndrome?<br><br><b>A:</b> elevated blood pressure on the affected side with Adson&#x27;s maneuver<br><b>B:</b> increased flow velocity in the distal arm on the affected side with arm adduction<br><b>C:</b> high amplitude PPG digital tracings on the affected side with arm adduction<br><b>D:</b> increased resistance in the proximal subclavian artery on the affected side with arm abduction	<b>Answer:</b> D. increased resistance in the proximal subclavian artery on the affected side with arm abduction<br><br><b>Feedback:</b><br>Due to compression of the distal subclavian with TOS, the flow in the proximal subclavian artery will demonstrate increased<br>resistance. Below the area of compression, flow will be lower velocity monophasic flow with arm adduction. The PPG tracings of<br>the digits will be low amplitude with arm adduction. The systemic BP will also decrease with patient maneuvers.
"__________________________________ refers to a collection of mucinous material within the adventitial wall layer of the affected vessel<br><br><b>A:</b> Adventitial cyst<br><b>B:</b> Mucinous dissection<br><b>C:</b> Vasa vasorum<br><b>D:</b> Baker cyst<br><br><img src=""q94.jpg"" alt=""Question 94 image"">"	<b>Answer:</b> A. Adventitial cyst<br><br><b>Feedback:</b><br>Adventitial cysts are a collection of mucinous material within the adventitial wall layer of the affected vessel. The cysts<br>predominantly form in the walls of the peripheral arteries, with the popliteal artery most commonly affected. It is most common<br>in young to middle-aged men with no other vascular disorders. Usually presents as multiple anechoic or hypoechoic areas<br>within the wall. No blood flow is detected in the areas. The cysts can cause narrowing of the vessel lumen and stenosis. The<br>compression of the artery is described as creating the appearance of a Scimitar knife.
"A 30yr old male patient presents with persistent right calf pain with exercise. The image displayed is from the right popliteal artery with the foot in the neutral and flexed position. These findings are most suggestive of:<br><br><b>A:</b> popliteal entrapment<br><b>B:</b> Buerger disease<br><b>C:</b> Leriche syndrome<br><b>D:</b> anterior compartment syndrome<br><br><img src=""q95.jpg"" alt=""Question 95 image"">"	<b>Answer:</b> A. popliteal entrapment<br><br><b>Feedback:</b><br>Popliteal entrapment is a compression disorder that most commonly occurs with flexion of the foot. Note the normal waveform<br>disappears completely with flexion of the foot/calf muscle contraction.
What is the normal value for a transcutaneous oximetry exam?<br><br><b>A:</b> 3.5 (unitless)<br><b>B:</b> 70-80mmHg<br><b>C:</b> 2.0 (unitless)<br><b>D:</b> &lt;40mmHg	<b>Answer:</b> B. 70-80mmHg<br><br><b>Feedback:</b><br>Transcutaneous Oximetry determines capability of healing a wound or specific site for amputation; Evaluates oxygen supply and<br>consumption in tissues surrounding the wound; Measures the oxygen partial pressure in adjacent areas of a wound; cannot<br>evaluate the wound itself, only the surrounding tissues; Normal TcPO2 levels 70-80mmHg; &lt;40mmHg indicates tissue hypoxia
If an abnormal transcutaneous oximetry reading is obtained, what should you do next?<br><br><b>A:</b> move the sensor distally<br><b>B:</b> move the sensor proximally<br><b>C:</b> report the reading location and end the exam<br><b>D:</b> turn up the oxygen level entering the patient&#x27;s mask	<b>Answer:</b> B. move the sensor proximally<br><br><b>Feedback:</b><br>TCPO2 is performed to assess tissues to determine the necessary level of amputation. The amputation must be done at an area<br>of tissue that has normal healing capabilities. If an abnormal reading is obtained in transcutaneous oximetry, the sensor should<br>be moved proximally. Keep moving the sensor proximally until a normal reading is obtained and record the location.
Which of the following correctly describes Buerger disease?<br><br><b>A:</b> commonly associated with aortic dissection<br><b>B:</b> collagen disease also known as thromboangiitis obliterans<br><b>C:</b> associated with uncontrolled diabetes<br><b>D:</b> most commonly presents as multiple painless, wet, oozing ulcers of the feet and ankles	<b>Answer:</b> B. collagen disease also known as thromboangiitis obliterans<br><br><b>Feedback:</b><br>Buerger Disease/Thromboangiitis Obliterans is an occlusive disease of SMALL to MEDIUM size arteries caused by inflammation<br>of arterial wall and surrounding connective tissue.<br>It is always associated with heavy smoking.<br>It is most common in men, age 20-30 years.<br>Collagen disease, such as lupus, is usually associated with Buerger disease.<br>The disease first affects the plantar or palmar arteries then moves centrally.<br>Common symptoms include ischemic rest pain and distal dry, painful ulcers.<br>Evaluation can be performed by Duplex and PPG techniques.
At the start of an arterial Duplex exam you identify monophasic flow in the left common femoral artery. What should you evaluate next to explain these findings?<br><br><b>A:</b> stop the exam and start a PPG evaluation instead.<br><b>B:</b> stop the exam and start a PVR evaluation instead.<br><b>C:</b> evaluate the groin for a mass pressing on the common femoral artery bifurcation<br><b>D:</b> evaluate proximal arteries feeding the CFA, such as the aorta and iliac bifurcation	<b>Answer:</b> D. evaluate proximal arteries feeding the CFA, such as the aorta and iliac bifurcation<br><br><b>Feedback:</b><br>Monophasic flow in an extremity artery indicates a proximal obstruction. If the CFA demonstrates monophasic flow, you should<br>evaluate the vessels proximal to the CFA for stenosis.
What is the most common indication for an upper extremity arterial Duplex exam?<br><br><b>A:</b> Thoracic Outlet Syndrome<br><b>B:</b> Evaluate hemodialysis graft performance<br><b>C:</b> Raynaud Phenomenon<br><b>D:</b> Arterial stenosis due to atherosclerosis	<b>Answer:</b> B. Evaluate hemodialysis graft performance<br><br><b>Feedback:</b><br>Because dialysis is a commonly needed procedure, hemodialysis grafts are common. These grafts do mature and even fail over<br>time so they require serial evaluations with US. Raynaud Phenomenon and TOS are best evaluated with PVR or PPG techniques.<br>Atherosclerosis formation is uncommon in the upper extremities.
Which of the following is an expected finding with Hypothenar Hammer Syndrome?<br><br><b>A:</b> Negative Allen test<br><b>B:</b> Compartment syndrome<br><b>C:</b> Negative Tinel sign<br><b>D:</b> Ulnar artery stenosis or occlusion	<b>Answer:</b> D. Ulnar artery stenosis or occlusion<br><br><b>Feedback:</b><br>Hypothenar Hammer Syndrome can be caused by repetitive compression or blunt trauma. The ulnar artery is commonly<br>affected because it crosses over the hook of hamate bone. It is associated with Raynaud syndrome and most commonly causes<br>ischemia of fourth and fifth fingers.<br>Positive Tinel sign = distal paresthesia induced by compression of the affected portion of the entrapped ulnar nerve<br>Positive Allen test = demonstrates occlusion of the distal ulnar artery<br>Ultrasound may also demonstrate irregular contour or aneurysm of the ulnar artery .
"This patient has the greatest risk of what complication?<br><br><b>A:</b> rupture<br><b>B:</b> DVT<br><b>C:</b> dissection<br><b>D:</b> distal embolism<br><br><img src=""q102.jpg"" alt=""Question 102 image"">"	<b>Answer:</b> D. distal embolism<br><br><b>Feedback:</b><br>Distal embolization is the most common complication of peripheral arterial aneurysms. A popliteal aneurysm is diagnosed when<br>the vessel diameter exceeds 1cm.
Hypothenar hammer syndrome and thoracic outlet syndrome are what type of vascular disorder?<br><br><b>A:</b> Compression syndromes<br><b>B:</b> Autoimmune diseases<br><b>C:</b> Atherosclerotic diseases<br><b>D:</b> Fibromuscular syndromes	<b>Answer:</b> A. Compression syndromes<br><br><b>Feedback:</b><br>TOS involves compression of the vessels in the thoracic outlet. Hypothenar hammer syndrome involves compression of the<br>ulnar artery. Eagle syndrome involves compression of the carotid artery. SMA compression syndrome can affect the left renal<br>vein or the duodenum. Median arcuate ligament syndrome involves compression of the celiac artery. There are many issues<br>that can be caused by anatomic impingement of adjacent structures.
"Where does the first caliper go when measuring the acceleration time on PW Doppler? Use your mouse to position the cursor over the correct part of the 3rd waveform and click to set your answer.<br><br><img src=""q104.png"" alt=""Question 104 image"">"	<b>Answer:</b> Unavailable<br><br><b>Feedback:</b><br>Acceleration time is measured from the start of systole to the peak systolic velocity. Prolonged acceleration time can indicate<br>stenosis proximal to the location where the waveform was obtained.
A 72yr old female presents for an upper extremity arterial Doppler exam due to asymmetric brachial pressures. The right axillary artery demonstrates a circumferential halo of thickened vessel wall tissue and increased wall vascularity. These findings are most consistent with:<br><br><b>A:</b> Kawasaki disease<br><b>B:</b> Buerger disease<br><b>C:</b> giant cell arteritis<br><b>D:</b> temporal arteritis	<b>Answer:</b> C. giant cell arteritis<br><br><b>Feedback:</b><br>Giant Cell Arteritis usually presents in the cranial arteries(temporal arteritis), but can be seen in the extremities. It is usually<br>seen in patients 70 - 80 years of age and is more common in women. Associated with elevated erythrocyte sedimentation rate<br>(how quickly the red blood cells fall to the bottom of the blood sample) and C-reactive protein (CRP) levels. Asymmetric brachial<br>blood pressures are seen in patients with arteritis in extremities. Arteritis causes diffuse or focal thickening of the muscle layer<br>with increased vascularity in the wall of the inflamed segment. Halo Sign - a ring of thickened vessel wall tissue surrounding the<br>vessel. Doppler findings similar to stenosis.<br>Temporal arteritis is associated with headaches and tenderness over the artery as is courses extracranially. Buerger disease<br>affects the small to medium arteries of the extremity. It is most commonly seen in males 20-30yrs of age that are heavy<br>smokers.
If the external iliac artery is occluded, what vessels provide the potential for collateral flow to the extremity?<br><br><b>A:</b> genicular arteries<br><b>B:</b> medial and lateral plantar arteries<br><b>C:</b> inferior epigastric artery and deep circumflex artery<br><b>D:</b> internal thoracic artery and lumbosacral artery	<b>Answer:</b> C. inferior epigastric artery and deep circumflex artery<br><br><b>Feedback:</b><br>Lateral branches of the EIA include the inferior epigastric artery and deep circumflex artery that supply the abdominal wall<br>muscles/skin. They also provide potential for collateralization with obstruction of the EIA
Which of the following vessels are evaluated in a Doppler evaluation for erectile dysfunction?<br><br><b>A:</b> common femoral artery<br><b>B:</b> cavernous arteries and dorsal veins<br><b>C:</b> cavernous veins and dorsal arteries<br><b>D:</b> internal pudendal artery	<b>Answer:</b> B. cavernous arteries and dorsal veins<br><br><b>Feedback:</b><br>Doppler evaluation of erectile dysfunction includes assessment of the cavernous arteries and dorsal veins with Doppler pre-<br>and post- medication injection (papaverine most common); Normally the PSV and EDV of the arteries will increase post injection<br>but dorsal venous flow will remain unchanged; PSV &gt;30cm/s considered normal
"The displayed abnormality is most consistent with:<br><br><b>A:</b> Soft plaque formation<br><b>B:</b> Thrombus formation<br><b>C:</b> Embolism formation<br><b>D:</b> Tumor invasion<br><br><img src=""q108.jpg"" alt=""Question 108 image"">"	<b>Answer:</b> B. Thrombus formation<br><br><b>Feedback:</b><br>Plaque forms in arterial vessels. An embolism is a piece of moving thrombus. Tumor invasion would disrupt the integrity of the<br>venous wall layers. The image demonstrates thrombus adhered to the lining of the vessel wall.<br>Powered by ExamBuilder. Copyright ©2026
